code,name,display_name
000001.XSHE,PAYH,平安银行
000002.XSHE,WKA,万科A
000004.XSHE,GNKJ,国农科技
000005.XSHE,SJXY,世纪星源
000006.XSHE,SZYA,深振业A
000007.XSHE,QXH,全新好
000008.XSHE,SZGT,神州高铁
000009.XSHE,ZGBA,中国宝安
000010.XSHE,*STML,*ST美丽
000011.XSHE,SWYA,深物业A
000012.XSHE,NBA,南玻A
000014.XSHE,SHGF,沙河股份
000016.XSHE,SKJA,深康佳A
000017.XSHE,SZHA,深中华A
000018.XSHE,*STSC,*ST神城
000019.XSHE,SLKG,深粮控股
000020.XSHE,SHFA,深华发A
000021.XSHE,SKJ,深科技
000023.XSHE,STDA,深天地A
000025.XSHE,TLA,特力A
000026.XSHE,FYDA,飞亚达A
000027.XSHE,SZNY,深圳能源
000028.XSHE,GYYZ,国药一致
000029.XSHE,SSFA,深深房A
000030.XSHE,FAGF,富奥股份
000031.XSHE,DYC,大悦城
000032.XSHE,SSDA,深桑达A
000034.XSHE,SXTF,神州数码
000035.XSHE,ZGTY,中国天楹
000036.XSHE,HLKG,华联控股
000037.XSHE,SNDA,深南电A
000038.XSHE,SDT,深大通
000039.XSHE,ZJJT,中集集团
000040.XSHE,BADC,东旭蓝天
000042.XSHE,ZZKG,中洲控股
000043.XSHE,ZHDC,中航善达
000045.XSHE,SFZA,深纺织A
000046.XSHE,FHKG,泛海控股
000048.XSHE,KDE,*ST康达
000049.XSHE,DSDC,德赛电池
000050.XSHE,STMA,深天马A
000055.XSHE,FDJT,方大集团
000056.XSHE,HTGJ,皇庭国际
000058.XSHE,SSG,深赛格
000059.XSHE,STHJ,华锦股份
000060.XSHE,ZJLN,中金岭南
000061.XSHE,NCP,农产品
000062.XSHE,SZHQ,深圳华强
000063.XSHE,ZXTX,中兴通讯
000065.XSHE,BFGJ,北方国际
000066.XSHE,CCDN,中国长城
000068.XSHE,STHS,华控赛格
000069.XSHE,HQCA,华侨城A
000070.XSHE,TFXX,特发信息
000078.XSHE,HWSW,海王生物
000088.XSHE,YTG,盐田港
000089.XSHE,SZJC,深圳机场
000090.XSHE,TJJT,天健集团
000096.XSHE,GJNY,广聚能源
000099.XSHE,ZXHZ,中信海直
000100.XSHE,TCLJT,TCL集团
000150.XSHE,YHJK,宜华健康
000151.XSHE,ZCGF,中成股份
000153.XSHE,FYYY,丰原药业
000155.XSHE,CNDL,川能动力
000156.XSHE,HSCM,华数传媒
000157.XSHE,ZLZK,中联重科
000158.XSHE,CSGF,常山北明
000159.XSHE,GJSY,国际实业
000166.XSHE,SWHY,申万宏源
000301.XSHE,DFSH,东方盛虹
000333.XSHE,MDJT,美的集团
000338.XSHE,WCDL,潍柴动力
000400.XSHE,XJDQ,许继电气
000401.XSHE,JDSN,冀东水泥
000402.XSHE,JRJ,金融街
000403.XSHE,ZXSH,振兴生化
000404.XSHE,HYYS,长虹华意
000407.XSHE,SLGF,胜利股份
000408.XSHE,JGY,藏格控股
000409.XSHE,SDDK,*ST地矿
000410.XSHE,SYJC,沈阳机床
000411.XSHE,YTJT,英特集团
000413.XSHE,DXGD,东旭光电
000415.XSHE,BHZL,渤海租赁
000416.XSHE,MSKG,民生控股
000417.XSHE,HFBH,合肥百货
000418.XSHE,XTEA,小天鹅A
000419.XSHE,TCKG,通程控股
000420.XSHE,JLHX,吉林化纤
000421.XSHE,NJZB,南京公用
000422.XSHE,STYH,ST宜化
000423.XSHE,DAAJ,东阿阿胶
000425.XSHE,XGJX,徐工机械
000426.XSHE,XYKY,兴业矿业
000428.XSHE,HTJD,华天酒店
000429.XSHE,YGSA,粤高速A
000430.XSHE,ZJJ,张家界
000488.XSHE,CMZY,晨鸣纸业
000498.XSHE,SDLQ,山东路桥
000501.XSHE,EWSA,鄂武商A
000502.XSHE,LJKG,绿景控股
000503.XSHE,HHKG,国新健康
000504.XSHE,*STSW,*ST生物
000505.XSHE,ZJKG,京粮控股
000506.XSHE,ZRZY,中润资源
000507.XSHE,ZHG,珠海港
000509.XSHE,HSKG,华塑控股
000510.XSHE,STJL,金路集团
000513.XSHE,LZJT,丽珠集团
000514.XSHE,YKF,渝开发
000516.XSHE,GJYX,国际医学
000517.XSHE,RADC,荣安地产
000518.XSHE,SHSW,四环生物
000519.XSHE,ZBHJ,中兵红箭
000520.XSHE,ZHFH,长航凤凰
000521.XSHE,MLDQ,长虹美菱
000523.XSHE,GZLQ,广州浪奇
000524.XSHE,LNKG,岭南控股
000525.XSHE,HTY,红太阳
000526.XSHE,YRTZ,紫光学大
000528.XSHE,LG,柳工
000529.XSHE,GHKG,广弘控股
000530.XSHE,DLGF,大冷股份
000531.XSHE,SHYA,穗恒运A
000532.XSHE,LHGF,华金资本
000533.XSHE,SNGF,顺钠股份
000534.XSHE,WZGF,万泽股份
000536.XSHE,HYKJ,华映科技
000537.XSHE,GYFZ,广宇发展
000538.XSHE,YNBY,云南白药
000539.XSHE,YDLA,粤电力A
000540.XSHE,ZTCT,中天金融
000541.XSHE,FSZM,佛山照明
000543.XSHE,WNDL,皖能电力
000544.XSHE,ZYHB,中原环保
000545.XSHE,JPTY,金浦钛业
000546.XSHE,JYGF,金圆股份
000547.XSHE,HTFZ,航天发展
000548.XSHE,HNTZ,湖南投资
000550.XSHE,JLQC,江铃汽车
000551.XSHE,CYKJ,创元科技
000552.XSHE,JYMD,靖远煤电
000553.XSHE,ADMA,安道麦A
000554.XSHE,TSSY,泰山石油
000555.XSHE,SZXX,神州信息
000557.XSHE,STGX,西部创业
000558.XSHE,LYTY,莱茵体育
000559.XSHE,WXQC,万向钱潮
000560.XSHE,KBDA,我爱我家
000561.XSHE,FHDZ,烽火电子
000563.XSHE,SGTA,陕国投A
000564.XSHE,XAMS,供销大集
000565.XSHE,YSXA,渝三峡A
000566.XSHE,HNHY,海南海药
000567.XSHE,HDGF,海德股份
000568.XSHE,LZLJ,泸州老窖
000570.XSHE,SCCA,苏常柴A
000571.XSHE,*STDZ,*ST大洲
000572.XSHE,*STHM,*ST海马
000573.XSHE,YHYA,粤宏远A
000576.XSHE,GDGH,广东甘化
000581.XSHE,WFGK,威孚高科
000582.XSHE,BBWG,北部湾港
000584.XSHE,YLKG,哈工智能
000585.XSHE,*STDD,*ST东电
000586.XSHE,HYTX,汇源通信
000587.XSHE,JYZB,金洲慈航
000589.XSHE,GZLT,贵州轮胎
000590.XSHE,STGH,启迪古汉
000591.XSHE,TJG,太阳能
000592.XSHE,PTFZ,平潭发展
000593.XSHE,DTRQ,大通燃气
000595.XSHE,BTSY,宝塔实业
000596.XSHE,GJGJ,古井贡酒
000597.XSHE,DBZY,东北制药
000598.XSHE,XRHJ,兴蓉环境
000599.XSHE,QDSX,青岛双星
000600.XSHE,JTNY,建投能源
000601.XSHE,SNGF,韶能股份
000603.XSHE,SDKY,盛达矿业
000605.XSHE,BHGF,渤海股份
000606.XSHE,QHMJ,顺利办
000607.XSHE,HMKG,华媒控股
000608.XSHE,YGGF,阳光股份
000609.XSHE,MSGF,中迪投资
000610.XSHE,XALY,西安旅游
000611.XSHE,*STTS,*ST天首
000612.XSHE,JZWF,焦作万方
000613.XSHE,DDHA,大东海A
000615.XSHE,JHGF,京汉股份
000616.XSHE,HHTZ,海航投资
000617.XSHE,SYJC,中油资本
000619.XSHE,HLXC,海螺型材
000620.XSHE,XHL,新华联
000622.XSHE,HLSY,恒立实业
000623.XSHE,JLAD,吉林敖东
000625.XSHE,ZAQC,长安汽车
000626.XSHE,RYJT,远大控股
000627.XSHE,TMJT,天茂集团
000628.XSHE,GXFZ,高新发展
000629.XSHE,PGFT,攀钢钒钛
000630.XSHE,TLYS,铜陵有色
000631.XSHE,SFHY,顺发恒业
000632.XSHE,SMJT,三木集团
000633.XSHE,HJTZ,合金投资
000635.XSHE,YLT,英力特
000636.XSHE,FHGK,风华高科
000637.XSHE,MHSH,茂化实华
000638.XSHE,WFFZ,万方发展
000639.XSHE,XWSP,西王食品
000650.XSHE,RHYY,仁和药业
000651.XSHE,GLDQ,格力电器
000652.XSHE,TDGF,泰达股份
000655.XSHE,JLKY,金岭矿业
000656.XSHE,JKGF,金科股份
000657.XSHE,ZWGX,中钨高新
000659.XSHE,STZF,珠海中富
000661.XSHE,ZCGX,长春高新
000662.XSHE,SFT,天夏智慧
000663.XSHE,YALY,永安林业
000665.XSHE,HBGD,湖北广电
000666.XSHE,JWFJ,经纬纺机
000667.XSHE,MHJT,美好置业
000668.XSHE,RFKG,荣丰控股
000669.XSHE,JHNY,金鸿控股
000670.XSHE,*STYF,*ST盈方
000671.XSHE,YGC,阳光城
000672.XSHE,SFSN,上峰水泥
000673.XSHE,DDDF,当代东方
000676.XSHE,ZDTZ,智度股份
000677.XSHE,STHL,恒天海龙
000678.XSHE,XYZC,襄阳轴承
000679.XSHE,DLYY,大连友谊
000680.XSHE,STGF,山推股份
000681.XSHE,SJZG,视觉中国
000682.XSHE,DFDZ,东方电子
000683.XSHE,YXNY,远兴能源
000685.XSHE,ZSGY,中山公用
000686.XSHE,DBZQ,东北证券
000687.XSHE,HXFZ,华讯方舟
000688.XSHE,JXKY,国城矿业
000690.XSHE,BXNY,宝新能源
000691.XSHE,YTSY,亚太实业
000692.XSHE,HTRD,惠天热电
000693.XSHE,HZGN,*ST华泽
000695.XSHE,BHNY,滨海能源
000697.XSHE,LSHK,炼石航空
000698.XSHE,SYHG,沈阳化工
000700.XSHE,MSKJ,模塑科技
000701.XSHE,SMXD,厦门信达
000702.XSHE,ZHKJ,正虹科技
000703.XSHE,HYSH,恒逸石化
000705.XSHE,ZJZY,浙江震元
000707.XSHE,STSH,ST双环
000708.XSHE,DYTG,大冶特钢
000709.XSHE,HGGF,河钢股份
000710.XSHE,TXYB,贝瑞基因
000711.XSHE,JLKJ,京蓝科技
000712.XSHE,JLGF,锦龙股份
000713.XSHE,FLZY,丰乐种业
000715.XSHE,ZXSY,中兴商业
000716.XSHE,HZM,黑芝麻
000717.XSHE,SGSS,韶钢松山
000718.XSHE,SNHQ,苏宁环球
000719.XSHE,DDCM,中原传媒
000720.XSHE,XNTS,新能泰山
000721.XSHE,XAYS,西安饮食
000722.XSHE,HNFZ,湖南发展
000723.XSHE,MJNY,美锦能源
000725.XSHE,JDFA,京东方A
000726.XSHE,LTA,鲁泰A
000727.XSHE,HDKJ,华东科技
000728.XSHE,GYZQ,国元证券
000729.XSHE,YJPJ,燕京啤酒
000731.XSHE,SCMF,四川美丰
000732.XSHE,THJT,泰禾集团
000733.XSHE,ZHKJ,振华科技
000735.XSHE,LNS,罗牛山
000736.XSHE,ZFDC,中交地产
000737.XSHE,STNF,ST南风
000738.XSHE,ZHDK,航发控制
000739.XSHE,PLYY,普洛药业
000750.XSHE,GHZQ,国海证券
000751.XSHE,XYGF,锌业股份
000752.XSHE,*STXF,*ST西发
000753.XSHE,ZZFZ,漳州发展
000755.XSHE,SXLQ,山西路桥
000756.XSHE,XHZY,新华制药
000757.XSHE,HWGF,浩物股份
000758.XSHE,ZSGF,中色股份
000759.XSHE,ZBJT,中百集团
000760.XSHE,*STST,*ST斯太
000761.XSHE,BGBC,本钢板材
000762.XSHE,XZKY,西藏矿业
000766.XSHE,THJM,通化金马
000767.XSHE,ZZDL,漳泽电力
000768.XSHE,ZHFJ,中航飞机
000776.XSHE,GFZQ,广发证券
000777.XSHE,ZHKJ,中核科技
000778.XSHE,XXZG,新兴铸管
000779.XSHE,SMPS,三毛派神
000780.XSHE,PZNY,平庄能源
000782.XSHE,MDGF,美达股份
000783.XSHE,CJZQ,长江证券
000785.XSHE,WHZS,武汉中商
000786.XSHE,BXJC,北新建材
000788.XSHE,BDYY,北大医药
000789.XSHE,WNQ,万年青
000790.XSHE,HSJT,泰合健康
000791.XSHE,GSDT,甘肃电投
000792.XSHE,*STYH,*ST盐湖
000793.XSHE,HWCM,华闻传媒
000795.XSHE,TYGY,英洛华
000796.XSHE,KSLY,凯撒旅游
000797.XSHE,ZGWY,中国武夷
000798.XSHE,ZSYY,中水渔业
000799.XSHE,STJG,酒鬼酒
000800.XSHE,YQJC,一汽轿车
000801.XSHE,SCJZ,四川九洲
000802.XSHE,BJWH,北京文化
000803.XSHE,JYCC,金宇车城
000806.XSHE,STYH,ST银河
000807.XSHE,YLGF,云铝股份
000809.XSHE,TLXC,铁岭新城
000810.XSHE,CWSZ,创维数字
000811.XSHE,YTBL,冰轮环境
000812.XSHE,SXJY,陕西金叶
000813.XSHE,TSFZ,德展健康
000815.XSHE,STML,美利云
000816.XSHE,ZHNY,*ST慧业
000818.XSHE,FDHG,航锦科技
000819.XSHE,YYXZ,岳阳兴长
000820.XSHE,*STJN,*ST节能
000821.XSHE,JSQJ,京山轻机
000822.XSHE,SDHH,山东海化
000823.XSHE,CSDZ,超声电子
000825.XSHE,TGBX,太钢不锈
000826.XSHE,QDSD,启迪桑德
000828.XSHE,DGKG,东莞控股
000829.XSHE,TYKG,天音控股
000830.XSHE,LXHG,鲁西化工
000831.XSHE,WKXT,五矿稀土
000833.XSHE,GTGF,粤桂股份
000835.XSHE,CCDM,长城动漫
000836.XSHE,FTXM,富通鑫茂
000837.XSHE,QCJC,秦川机床
000838.XSHE,CXFZ,财信发展
000839.XSHE,ZXGA,中信国安
000848.XSHE,CDLL,承德露露
000850.XSHE,HMGF,华茂股份
000851.XSHE,GHGF,高鸿股份
000852.XSHE,SHJX,石化机械
000856.XSHE,JDZB,冀东装备
000858.XSHE,WLY,五粮液
000859.XSHE,GFSY,国风塑业
000860.XSHE,SXNY,顺鑫农业
000861.XSHE,HYGF,海印股份
000862.XSHE,YXNY,银星能源
000863.XSHE,SXGF,三湘印象
000868.XSHE,*STAK,*ST安凯
000869.XSHE,ZYA,张裕A
000875.XSHE,JDGF,吉电股份
000876.XSHE,XXW,新希望
000877.XSHE,TSGF,天山股份
000878.XSHE,YNTY,云南铜业
000880.XSHE,WCZJ,潍柴重机
000881.XSHE,DLGJ,中广核技
000882.XSHE,HLGF,华联股份
000883.XSHE,HBNY,湖北能源
000885.XSHE,TLSN,城发环境
000886.XSHE,HNGS,海南高速
000887.XSHE,ZDGF,中鼎股份
000888.XSHE,EMSA,峨眉山A
000889.XSHE,ZJBC,中嘉博创
000890.XSHE,FES,法尔胜
000892.XSHE,STXM,欢瑞世纪
000893.XSHE,DLLY,*ST东凌
000895.XSHE,SHFZ,双汇发展
000897.XSHE,*STJB,*ST津滨
000898.XSHE,AGGF,鞍钢股份
000899.XSHE,GNGF,赣能股份
000900.XSHE,XDTZ,现代投资
000901.XSHE,HTKJ,航天科技
000902.XSHE,XYF,新洋丰
000903.XSHE,YNDL,云内动力
000905.XSHE,SMGW,厦门港务
000906.XSHE,WCZT,浙商中拓
000908.XSHE,JFYY,景峰医药
000909.XSHE,SYKJ,数源科技
000910.XSHE,DYKJ,大亚圣象
000911.XSHE,*STNT,*ST南糖
000912.XSHE,LTH,泸天化
000913.XSHE,QJMT,钱江摩托
000915.XSHE,SDHT,山大华特
000917.XSHE,DGCM,电广传媒
000918.XSHE,JKC,嘉凯城
000919.XSHE,JLYY,金陵药业
000920.XSHE,NFHT,南方汇通
000921.XSHE,HXJD,海信家电
000922.XSHE,JDGF,佳电股份
000923.XSHE,HBXG,河北宣工
000925.XSHE,ZHKJ,众合科技
000926.XSHE,FXGF,福星股份
000927.XSHE,STXL,一汽夏利
000928.XSHE,ZGGJ,中钢国际
000929.XSHE,LZHH,兰州黄河
000930.XSHE,ZLSH,中粮生化
000931.XSHE,ZGC,中关村
000932.XSHE,HLGT,华菱钢铁
000933.XSHE,SHGF,神火股份
000935.XSHE,SCSM,四川双马
000936.XSHE,HXGF,华西股份
000937.XSHE,JZNY,冀中能源
000938.XSHE,ZGGF,紫光股份
000939.XSHE,KDST,*ST凯迪
000948.XSHE,NTXX,南天信息
000949.XSHE,XXHX,新乡化纤
000950.XSHE,ZYKG,重药控股
000951.XSHE,ZGZQ,中国重汽
000952.XSHE,GJYY,广济药业
000953.XSHE,*STHH,*ST河化
000955.XSHE,XLKG,欣龙控股
000957.XSHE,ZTKC,中通客车
000958.XSHE,DFNY,东方能源
000959.XSHE,SGGF,首钢股份
000960.XSHE,XYGF,锡业股份
000961.XSHE,ZNJS,中南建设
000962.XSHE,DFTY,东方钽业
000963.XSHE,HDYY,华东医药
000965.XSHE,TBJJ,天保基建
000966.XSHE,ZYDL,长源电力
000967.XSHE,SFGK,盈峰环境
000968.XSHE,MQH,蓝焰控股
000969.XSHE,ATKJ,安泰科技
000970.XSHE,ZKSH,中科三环
000971.XSHE,*STGS,*ST高升
000972.XSHE,STZJ,ST中基
000973.XSHE,FSKJ,佛塑科技
000975.XSHE,YTZY,银泰资源
000976.XSHE,STCH,华铁股份
000977.XSHE,LCXX,浪潮信息
000978.XSHE,GLLY,桂林旅游
000980.XSHE,JMGF,众泰汽车
000981.XSHE,STYY,ST银亿
000982.XSHE,ZYRY,*ST中绒
000983.XSHE,XSMD,西山煤电
000985.XSHE,DQHK,大庆华科
000987.XSHE,GZYY,越秀金控
000988.XSHE,HGKJ,华工科技
000989.XSHE,JZT,九芝堂
000990.XSHE,CZGF,诚志股份
000993.XSHE,MDDL,闽东电力
000995.XSHE,STHT,*ST皇台
000996.XSHE,ZGZQ,中国中期
000997.XSHE,XDL,新大陆
000998.XSHE,LPGK,隆平高科
000999.XSHE,HRSJ,华润三九
001696.XSHE,ZSDL,宗申动力
001872.XSHE,ZSGK,招商港口
001896.XSHE,YNKG,豫能控股
001965.XSHE,ZSGL,招商公路
001979.XSHE,ZSSK,招商蛇口
002001.XSHE,XHC,新和成
002002.XSHE,HDXY,鸿达兴业
002003.XSHE,WXGF,伟星股份
002004.XSHE,HBJK,华邦健康
002005.XSHE,*STDH,*ST德豪
002006.XSHE,JGKJ,精功科技
002007.XSHE,HLSW,华兰生物
002008.XSHE,DZJG,大族激光
002009.XSHE,TQGF,天奇股份
002010.XSHE,CHGF,传化智联
002011.XSHE,DAHJ,盾安环境
002012.XSHE,KEGF,凯恩股份
002013.XSHE,ZHJD,中航机电
002014.XSHE,YXGF,永新股份
002015.XSHE,STXK,霞客环保
002016.XSHE,SRZY,世荣兆业
002017.XSHE,DXHP,东信和平
002018.XSHE,HXGJ,*ST华信
002019.XSHE,YFXF,亿帆医药
002020.XSHE,JXYY,京新药业
002021.XSHE,*STZJ,*ST中捷
002022.XSHE,KHSW,科华生物
002023.XSHE,HTGX,海特高新
002024.XSHE,SNYS,苏宁易购
002025.XSHE,HTDQ,航天电器
002026.XSHE,SDWD,山东威达
002027.XSHE,QXKG,分众传媒
002028.XSHE,SYDQ,思源电气
002029.XSHE,QPL,七匹狼
002030.XSHE,DAJY,达安基因
002031.XSHE,JLZN,巨轮智能
002032.XSHE,SBE,苏泊尔
002033.XSHE,LJLY,丽江旅游
002034.XSHE,MXD,旺能环境
002035.XSHE,HDGF,华帝股份
002036.XSHE,HMCY,联创电子
002037.XSHE,JLFZ,久联发展
002038.XSHE,SLYY,双鹭药业
002039.XSHE,QYDL,黔源电力
002040.XSHE,NJG,南京港
002041.XSHE,DHZY,登海种业
002042.XSHE,HFSF,华孚时尚
002043.XSHE,TBB,兔宝宝
002044.XSHE,MNJK,美年健康
002045.XSHE,GGDQ,国光电器
002046.XSHE,ZYKJ,轴研科技
002047.XSHE,BYGF,宝鹰股份
002048.XSHE,NBHX,宁波华翔
002049.XSHE,TFGX,紫光国微
002050.XSHE,SHGF,三花智控
002051.XSHE,ZGGJ,中工国际
002052.XSHE,TZDZ,同洲电子
002053.XSHE,YNYH,云南能投
002054.XSHE,DMHG,德美化工
002055.XSHE,DRDZ,得润电子
002056.XSHE,HDDC,横店东磁
002057.XSHE,ZGTY,中钢天源
002058.XSHE,WET,威尔泰
002059.XSHE,YNLY,云南旅游
002060.XSHE,YSD,粤水电
002061.XSHE,JSHG,浙江交科
002062.XSHE,HRJS,宏润建设
002063.XSHE,YGRJ,远光软件
002064.XSHE,HFAL,华峰氨纶
002065.XSHE,DHRJ,东华软件
002066.XSHE,RTKJ,瑞泰科技
002067.XSHE,JXZY,景兴纸业
002068.XSHE,HMGF,黑猫股份
002069.XSHE,ZZD,獐子岛
002070.XSHE,ZHGF,*ST众和
002071.XSHE,CCYS,长城影视
002072.XSHE,*STKR,*ST凯瑞
002073.XSHE,RKGF,软控股份
002074.XSHE,GXGK,国轩高科
002075.XSHE,SGGF,沙钢股份
002076.XSHE,XLT,雪莱特
002077.XSHE,DGGF,大港股份
002078.XSHE,TYZY,太阳纸业
002079.XSHE,SZGD,苏州固锝
002080.XSHE,ZCKJ,中材科技
002081.XSHE,JTL,金螳螂
002082.XSHE,DLXC,万邦德
002083.XSHE,FRGF,孚日股份
002084.XSHE,HOZG,海鸥住工
002085.XSHE,WFAW,万丰奥威
002086.XSHE,STDHY,ST东海洋
002087.XSHE,XYFZ,新野纺织
002088.XSHE,LYJN,鲁阳节能
002089.XSHE,*STXH,*ST新海
002090.XSHE,JZKJ,金智科技
002091.XSHE,JSGT,江苏国泰
002092.XSHE,ZTHX,中泰化学
002093.XSHE,GMKJ,国脉科技
002094.XSHE,QDJW,青岛金王
002095.XSHE,SYB,生意宝
002096.XSHE,NLMB,南岭民爆
002097.XSHE,SHZN,山河智能
002098.XSHE,XXGF,浔兴股份
002099.XSHE,HXYY,海翔药业
002100.XSHE,TKSW,天康生物
002101.XSHE,GDHT,广东鸿图
002102.XSHE,STGF,ST冠福
002103.XSHE,GBGF,广博股份
002104.XSHE,HBGF,恒宝股份
002105.XSHE,XLSY,信隆健康
002106.XSHE,LBGK,莱宝高科
002107.XSHE,WHYY,沃华医药
002108.XSHE,CZMZ,沧州明珠
002109.XSHE,XHGF,兴化股份
002110.XSHE,SGMG,三钢闽光
002111.XSHE,WHGT,威海广泰
002112.XSHE,SBKJ,三变科技
002113.XSHE,STTR,ST天润
002114.XSHE,LPXD,罗平锌电
002115.XSHE,SWTX,三维通信
002116.XSHE,ZGHC,中国海诚
002117.XSHE,DGGF,东港股份
002118.XSHE,ZXYY,紫鑫药业
002119.XSHE,KQDZ,康强电子
002120.XSHE,XHGF,韵达股份
002121.XSHE,KLDZ,科陆电子
002122.XSHE,TMGF,*ST天马
002123.XSHE,MWJT,梦网集团
002124.XSHE,TBGF,天邦股份
002125.XSHE,XTDH,湘潭电化
002126.XSHE,YLGF,银轮股份
002127.XSHE,XMKJ,南极电商
002128.XSHE,LTMY,露天煤业
002129.XSHE,ZHGF,中环股份
002130.XSHE,WEHC,沃尔核材
002131.XSHE,LOGF,利欧股份
002132.XSHE,HXKJ,恒星科技
002133.XSHE,GYJT,广宇集团
002134.XSHE,TJPL,天津普林
002135.XSHE,DNWJ,东南网架
002136.XSHE,AND,安纳达
002137.XSHE,MDSZ,麦达数字
002138.XSHE,SLDZ,顺络电子
002139.XSHE,TBGF,拓邦股份
002140.XSHE,DHKJ,东华科技
002141.XSHE,RSCW,贤丰控股
002142.XSHE,NBYH,宁波银行
002143.XSHE,*STYJ,*ST印纪
002144.XSHE,HDGK,宏达高科
002145.XSHE,ZHTB,中核钛白
002146.XSHE,RSFZ,荣盛发展
002147.XSHE,STXG,ST新光
002148.XSHE,BWTX,北纬科技
002149.XSHE,XBCL,西部材料
002150.XSHE,TRZB,通润装备
002151.XSHE,BDXT,北斗星通
002152.XSHE,GDYT,广电运通
002153.XSHE,SJXX,石基信息
002154.XSHE,BXN,报喜鸟
002155.XSHE,HNHJ,湖南黄金
002156.XSHE,TFWD,通富微电
002157.XSHE,ZBKJ,正邦科技
002158.XSHE,HZJJ,汉钟精机
002159.XSHE,STSD,三特索道
002160.XSHE,CLGF,常铝股份
002161.XSHE,YWG,远望谷
002162.XSHE,YXJK,悦心健康
002163.XSHE,ZHSX,中航三鑫
002164.XSHE,NBDL,宁波东力
002165.XSHE,HBL,红宝丽
002166.XSHE,LYSW,莱茵生物
002167.XSHE,DFGY,东方锆业
002168.XSHE,HCKJ,惠程科技
002169.XSHE,ZGDQ,智光电气
002170.XSHE,BTGF,芭田股份
002171.XSHE,CJXC,楚江新材
002172.XSHE,AYKJ,澳洋健康
002173.XSHE,QZZZ,创新医疗
002174.XSHE,YZWL,游族网络
002175.XSHE,*STDW,*ST东网
002176.XSHE,JTDJ,江特电机
002177.XSHE,YYGF,御银股份
002178.XSHE,YHZN,延华智能
002179.XSHE,ZHGD,中航光电
002180.XSHE,APK,纳思达
002181.XSHE,YCM,粤传媒
002182.XSHE,YHJS,云海金属
002183.XSHE,YYT,怡亚通
002184.XSHE,HDKZ,海得控制
002185.XSHE,HTKJ,华天科技
002186.XSHE,QJD,全聚德
002187.XSHE,GBGF,广百股份
002188.XSHE,BSZX,*ST巴士
002189.XSHE,LDGD,利达光电
002190.XSHE,*STJC,*ST集成
002191.XSHE,JJGF,劲嘉股份
002192.XSHE,RJGF,融捷股份
002193.XSHE,SDRY,如意集团
002194.XSHE,WHFG,*ST凡谷
002195.XSHE,ESSW,二三四五
002196.XSHE,FZDJ,方正电机
002197.XSHE,ZTDZ,证通电子
002198.XSHE,JYZY,嘉应制药
002199.XSHE,DJDZ,东晶电子
002200.XSHE,*STYT,*ST云投
002201.XSHE,JDXC,九鼎新材
002202.XSHE,JFKJ,金风科技
002203.XSHE,HLGF,海亮股份
002204.XSHE,DLZG,大连重工
002205.XSHE,GTGF,国统股份
002206.XSHE,HLD,海利得
002207.XSHE,ZYGF,ST准油
002208.XSHE,HFCJ,合肥城建
002209.XSHE,DYL,达意隆
002210.XSHE,*STFM,*ST飞马
002211.XSHE,HDXC,宏达新材
002212.XSHE,NYGF,南洋股份
002213.XSHE,TEJ,特尔佳
002214.XSHE,DLKJ,大立科技
002215.XSHE,NPX,诺普信
002216.XSHE,SQSP,三全食品
002217.XSHE,HLT,合力泰
002218.XSHE,TRXN,拓日新能
002219.XSHE,HKYL,恒康医疗
002220.XSHE,TBGF,天宝食品
002221.XSHE,DHNY,东华能源
002222.XSHE,FJKJ,福晶科技
002223.XSHE,YYYL,鱼跃医疗
002224.XSHE,SLS,三力士
002225.XSHE,PNGF,濮耐股份
002226.XSHE,JNHG,江南化工
002227.XSHE,ATX,奥特迅
002228.XSHE,HXBZ,合兴包装
002229.XSHE,HBGF,鸿博股份
002230.XSHE,KDXF,科大讯飞
002231.XSHE,AWTX,奥维通信
002232.XSHE,QMXX,启明信息
002233.XSHE,TPJT,塔牌集团
002234.XSHE,MHGF,民和股份
002235.XSHE,ANGF,安妮股份
002236.XSHE,DHGF,大华股份
002237.XSHE,HBGF,恒邦股份
002238.XSHE,TWSX,天威视讯
002239.XSHE,ATJ,奥特佳
002240.XSHE,WHGF,威华股份
002241.XSHE,GESX,歌尔股份
002242.XSHE,JYGF,九阳股份
002243.XSHE,TCLX,通产丽星
002244.XSHE,BJJT,滨江集团
002245.XSHE,AYSC,澳洋顺昌
002246.XSHE,BHGF,北化股份
002247.XSHE,JLWH,聚力文化
002248.XSHE,HDSK,华东数控
002249.XSHE,DYDJ,大洋电机
002250.XSHE,LHKJ,联化科技
002251.XSHE,BBG,步步高
002252.XSHE,SHLS,上海莱士
002253.XSHE,CDZS,川大智胜
002254.XSHE,THXC,泰和新材
002255.XSHE,HLZG,海陆重工
002256.XSHE,CHJH,兆新股份
002258.XSHE,LEHX,利尔化学
002259.XSHE,*STSD,*ST升达
002260.XSHE,DATH,*ST德奥
002261.XSHE,TWXX,拓维信息
002262.XSHE,EHYY,恩华药业
002263.XSHE,DDN,*ST东南
002264.XSHE,XHD,新华都
002265.XSHE,XYGF,西仪股份
002266.XSHE,ZFKG,浙富控股
002267.XSHE,STRQ,陕天然气
002268.XSHE,WST,卫士通
002269.XSHE,MBFS,美邦服饰
002270.XSHE,FYSK,华明装备
002271.XSHE,DFYH,东方雨虹
002272.XSHE,CRGF,川润股份
002273.XSHE,SJGD,水晶光电
002274.XSHE,HCHG,华昌化工
002275.XSHE,GLSJ,桂林三金
002276.XSHE,WMGF,万马股份
002277.XSHE,YAGF,友阿股份
002278.XSHE,SKGF,神开股份
002279.XSHE,JQRJ,久其软件
002280.XSHE,LLHD,联络互动
002281.XSHE,GXKJ,光迅科技
002282.XSHE,BSGJ,博深工具
002283.XSHE,TRQZ,天润曲轴
002284.XSHE,YTGF,亚太股份
002285.XSHE,SLX,世联行
002286.XSHE,BLB,保龄宝
002287.XSHE,QZZY,奇正藏药
002288.XSHE,CHKJ,超华科技
002289.XSHE,*STYS,*ST宇顺
002290.XSHE,*STZK,*ST中科
002291.XSHE,XQL,星期六
002292.XSHE,AFDM,奥飞娱乐
002293.XSHE,LLSH,罗莱生活
002294.XSHE,XLT,信立泰
002295.XSHE,JYGF,精艺股份
002296.XSHE,HHKJ,辉煌科技
002297.XSHE,BYXC,博云新材
002298.XSHE,ZDXL,中电兴发
002299.XSHE,SNFZ,圣农发展
002300.XSHE,TYDL,太阳电缆
002301.XSHE,QXJT,齐心集团
002302.XSHE,XBJS,西部建设
002303.XSHE,MYS,美盈森
002304.XSHE,YHGF,洋河股份
002305.XSHE,NGZY,南国置业
002306.XSHE,STYW,*ST云网
002307.XSHE,BXLQ,北新路桥
002308.XSHE,WCGF,威创股份
002309.XSHE,ZLKJ,中利集团
002310.XSHE,DFYL,东方园林
002311.XSHE,HDJT,海大集团
002312.XSHE,STKG,三泰控股
002313.XSHE,RHTX,日海智能
002314.XSHE,NSKG,南山控股
002315.XSHE,JDKJ,焦点科技
002316.XSHE,JQTX,亚联发展
002317.XSHE,ZSYY,众生药业
002318.XSHE,JLTC,久立特材
002319.XSHE,LTGF,乐通股份
002320.XSHE,HXGF,海峡股份
002321.XSHE,HYNY,华英农业
002322.XSHE,LGJC,理工环科
002323.XSHE,YBT,*ST百特
002324.XSHE,PLT,普利特
002325.XSHE,HTGF,洪涛股份
002326.XSHE,YTKJ,永太科技
002327.XSHE,FAN,富安娜
002328.XSHE,XPGF,新朋股份
002329.XSHE,HSJT,皇氏集团
002330.XSHE,DLS,得利斯
002331.XSHE,WTKJ,皖通科技
002332.XSHE,XJZY,仙琚制药
002333.XSHE,*STLP,*ST罗普
002334.XSHE,YWT,英威腾
002335.XSHE,KHHS,科华恒盛
002336.XSHE,*STRL,*ST人乐
002337.XSHE,SXKJ,赛象科技
002338.XSHE,APGD,奥普光电
002339.XSHE,JCDZ,积成电子
002340.XSHE,GLM,格林美
002341.XSHE,XLKJ,新纶科技
002342.XSHE,JLSJ,巨力索具
002343.XSHE,CWCM,慈文传媒
002344.XSHE,HNPC,海宁皮城
002345.XSHE,CHJ,潮宏基
002346.XSHE,ZZGF,柘中股份
002347.XSHE,TEZG,泰尔股份
002348.XSHE,GLGF,高乐股份
002349.XSHE,JHZY,精华制药
002350.XSHE,BJKR,北京科锐
002351.XSHE,MBZ,漫步者
002352.XSHE,DTXC,顺丰控股
002353.XSHE,JRGF,杰瑞股份
002354.XSHE,TSYL,天神娱乐
002355.XSHE,XMGQ,兴民智通
002356.XSHE,*STHM,*ST赫美
002357.XSHE,FLYY,富临运业
002358.XSHE,SYDQ,森源电气
002359.XSHE,*STBX,*ST北讯
002360.XSHE,TDHG,同德化工
002361.XSHE,SJGF,神剑股份
002362.XSHE,HWKJ,汉王科技
002363.XSHE,LJJX,隆基机械
002364.XSHE,ZHDQ,中恒电气
002365.XSHE,YAYY,永安药业
002366.XSHE,THHD,台海核电
002367.XSHE,KLDT,康力电梯
002368.XSHE,TJGF,太极股份
002369.XSHE,ZYKJ,卓翼科技
002370.XSHE,YTYY,亚太药业
002371.XSHE,QXDZ,北方华创
002372.XSHE,WXXC,伟星新材
002373.XSHE,QFKJ,千方科技
002374.XSHE,LPGF,丽鹏股份
002375.XSHE,YSGF,亚厦股份
002376.XSHE,XBY,新北洋
002377.XSHE,GCGX,国创高新
002378.XSHE,ZYWY,章源钨业
002379.XSHE,LFHB,宏创控股
002380.XSHE,KYGF,科远股份
002381.XSHE,SJGF,双箭股份
002382.XSHE,LFYL,蓝帆医疗
002383.XSHE,HZSZ,合众思壮
002384.XSHE,DSJM,东山精密
002385.XSHE,DBN,大北农
002386.XSHE,TYJT,天原集团
002387.XSHE,HNSP,维信诺
002388.XSHE,XYZC,新亚制程
002389.XSHE,HTCH,航天彩虹
002390.XSHE,XBZY,信邦制药
002391.XSHE,ZQGF,长青股份
002392.XSHE,BJLE,北京利尔
002393.XSHE,LSZY,力生制药
002394.XSHE,LFGF,联发股份
002395.XSHE,SXGF,双象股份
002396.XSHE,XWRJ,星网锐捷
002397.XSHE,MJJF,梦洁股份
002398.XSHE,JYJT,建研集团
002399.XSHE,HPR,海普瑞
002400.XSHE,SGGF,省广集团
002401.XSHE,ZHKJ,中远海科
002402.XSHE,HET,和而泰
002403.XSHE,ASD,爱仕达
002404.XSHE,JXSC,嘉欣丝绸
002405.XSHE,SWTX,四维图新
002406.XSHE,YDCD,远东传动
002407.XSHE,DFD,多氟多
002408.XSHE,QXTD,齐翔腾达
002409.XSHE,YKKJ,雅克科技
002410.XSHE,GLD,广联达
002411.XSHE,YABK,延安必康
002412.XSHE,HSZY,汉森制药
002413.XSHE,LKFW,雷科防务
002414.XSHE,GDHW,高德红外
002415.XSHE,HKWS,海康威视
002416.XSHE,ASD,爱施德
002417.XSHE,STYD,深南股份
002418.XSHE,KSGF,康盛股份
002419.XSHE,THSC,天虹股份
002420.XSHE,*STYC,*ST毅昌
002421.XSHE,DSZN,达实智能
002422.XSHE,KLYY,科伦药业
002423.XSHE,ZYTG,中原特钢
002424.XSHE,GZBL,贵州百灵
002425.XSHE,KSGF,凯撒文化
002426.XSHE,SLJM,胜利精密
002427.XSHE,YFGF,*ST尤夫
002428.XSHE,YNZY,云南锗业
002429.XSHE,ZCGF,兆驰股份
002430.XSHE,HYGF,杭氧股份
002431.XSHE,ZLYL,棕榈股份
002432.XSHE,JAYL,九安医疗
002433.XSHE,TAT,太安堂
002434.XSHE,WLY,万里扬
002435.XSHE,CJRF,长江润发
002436.XSHE,XSKJ,兴森科技
002437.XSHE,YHYY,誉衡药业
002438.XSHE,JSST,江苏神通
002439.XSHE,QMXC,启明星辰
002440.XSHE,RTGF,闰土股份
002441.XSHE,ZYD,众业达
002442.XSHE,LXHG,龙星化工
002443.XSHE,JZGD,金洲管道
002444.XSHE,JXKJ,巨星科技
002445.XSHE,STZN,ST中南
002446.XSHE,SLTX,盛路通信
002447.XSHE,YQHC,晨鑫科技
002448.XSHE,ZYNP,中原内配
002449.XSHE,GXGD,国星光电
002450.XSHE,*STKD,*ST康得
002451.XSHE,MEDQ,摩恩电气
002452.XSHE,ZGJT,长高集团
002453.XSHE,TMJH,华软科技
002454.XSHE,SZGF,松芝股份
002455.XSHE,BCGF,百川股份
002456.XSHE,OFG,欧菲光
002457.XSHE,QLGY,青龙管业
002458.XSHE,YSGF,益生股份
002459.XSHE,TYTL,天业通联
002460.XSHE,GFLY,赣锋锂业
002461.XSHE,ZJPJ,珠江啤酒
002462.XSHE,JST,嘉事堂
002463.XSHE,HDGF,沪电股份
002464.XSHE,JLKJ,众应互联
002465.XSHE,HGTX,海格通信
002466.XSHE,TQLY,天齐锂业
002467.XSHE,ELS,二六三
002468.XSHE,STKD,申通快递
002469.XSHE,SWGC,三维工程
002470.XSHE,JZD,金正大
002471.XSHE,ZCKG,中超控股
002472.XSHE,SHCD,双环传动
002473.XSHE,SLD,圣莱达
002474.XSHE,RJRJ,榕基软件
002475.XSHE,LXJM,立讯精密
002476.XSHE,BMGF,宝莫股份
002477.XSHE,*STCY,*ST雏鹰
002478.XSHE,CBGF,常宝股份
002479.XSHE,FCHB,富春环保
002480.XSHE,XZGF,新筑股份
002481.XSHE,STSP,双塔食品
002482.XSHE,GTGF,广田集团
002483.XSHE,RBGF,润邦股份
002484.XSHE,JHGF,江海股份
002485.XSHE,XNE,希努尔
002486.XSHE,JLJ,嘉麟杰
002487.XSHE,DJZG,大金重工
002488.XSHE,JGGF,金固股份
002489.XSHE,ZJYQ,浙江永强
002490.XSHE,SDML,山东墨龙
002491.XSHE,TDHL,通鼎互联
002492.XSHE,HJDX,恒基达鑫
002493.XSHE,RSSH,荣盛石化
002494.XSHE,HSGF,华斯股份
002495.XSHE,JLGF,佳隆股份
002496.XSHE,HFGF,辉丰股份
002497.XSHE,YHJT,雅化集团
002498.XSHE,HLGF,汉缆股份
002499.XSHE,*STKL,*ST科林
002500.XSHE,SXZQ,山西证券
002501.XSHE,*STLY,*ST利源
002502.XSHE,HWGF,骅威文化
002503.XSHE,SYT,搜于特
002504.XSHE,HGCY,弘高创意
002505.XSHE,DKMY,大康农业
002506.XSHE,XXJC,协鑫集成
002507.XSHE,FLZC,涪陵榨菜
002508.XSHE,LBDQ,老板电器
002509.XSHE,TGXF,天广中茂
002510.XSHE,TQM,天汽模
002511.XSHE,ZSJR,中顺洁柔
002512.XSHE,DHZN,达华智能
002513.XSHE,LFSH,蓝丰生化
002514.XSHE,BXKJ,宝馨科技
002515.XSHE,JZHT,金字火腿
002516.XSHE,KDKJ,旷达科技
002517.XSHE,KYWL,恺英网络
002518.XSHE,KSD,科士达
002519.XSHE,YHDZ,银河电子
002520.XSHE,RFJJ,日发精机
002521.XSHE,QFXC,齐峰新材
002522.XSHE,ZJZC,浙江众成
002523.XSHE,TQQZ,天桥起重
002524.XSHE,GZJT,光正集团
002526.XSHE,SDKJ,山东矿机
002527.XSHE,XSD,新时达
002528.XSHE,YFT,英飞拓
002529.XSHE,HYJX,海源复材
002530.XSHE,FDGF,金财互联
002531.XSHE,TSFN,天顺风能
002532.XSHE,XJBY,新界泵业
002533.XSHE,JBDG,金杯电工
002534.XSHE,HGGF,杭锅股份
002535.XSHE,LZZJ,林州重机
002536.XSHE,XBGF,西泵股份
002537.XSHE,HLMD,海联金汇
002538.XSHE,SET,司尔特
002539.XSHE,XDHG,云图控股
002540.XSHE,YTKJ,亚太科技
002541.XSHE,HLGG,鸿路钢构
002542.XSHE,ZHYT,中化岩土
002543.XSHE,WHDQ,万和电气
002544.XSHE,JSKJ,杰赛科技
002545.XSHE,DFTT,东方铁塔
002546.XSHE,XLDZ,新联电子
002547.XSHE,CXJG,春兴精工
002548.XSHE,JXN,金新农
002549.XSHE,KMTQ,凯美特气
002550.XSHE,QHZY,千红制药
002551.XSHE,SRYL,尚荣医疗
002552.XSHE,BDKJ,宝鼎科技
002553.XSHE,NFZC,南方轴承
002554.XSHE,HBP,惠博普
002555.XSHE,SQHY,三七互娱
002556.XSHE,HLGF,辉隆股份
002557.XSHE,QQSP,洽洽食品
002558.XSHE,SJYL,巨人网络
002559.XSHE,YWGF,亚威股份
002560.XSHE,TDGF,通达股份
002561.XSHE,XJH,徐家汇
002562.XSHE,XDKJ,兄弟科技
002563.XSHE,SMFS,森马服饰
002564.XSHE,TWKJ,天沃科技
002565.XSHE,SHLX,顺灏股份
002566.XSHE,YSYY,益盛药业
002567.XSHE,TRS,唐人神
002568.XSHE,BRGF,百润股份
002569.XSHE,*STBS,*ST步森
002570.XSHE,BYM,贝因美
002571.XSHE,DLGF,德力股份
002572.XSHE,SFY,索菲亚
002573.XSHE,QXHJ,清新环境
002574.XSHE,MPZB,明牌珠宝
002575.XSHE,QXWJ,群兴玩具
002576.XSHE,TDDL,通达动力
002577.XSHE,LBKJ,雷柏科技
002578.XSHE,MFLY,闽发铝业
002579.XSHE,ZJDZ,中京电子
002580.XSHE,SYGF,圣阳股份
002581.XSHE,WMYY,未名医药
002582.XSHE,HXN,好想你
002583.XSHE,HND,海能达
002584.XSHE,XLKX,西陇科学
002585.XSHE,SXXC,双星新材
002586.XSHE,WHGF,围海股份
002587.XSHE,ATDZ,奥拓电子
002588.XSHE,SDL,史丹利
002589.XSHE,RKYY,瑞康医药
002590.XSHE,WAKJ,万安科技
002591.XSHE,HDGX,恒大高新
002592.XSHE,BLKJ,八菱科技
002593.XSHE,RSJT,日上集团
002594.XSHE,BYD,比亚迪
002595.XSHE,HMKJ,豪迈科技
002596.XSHE,HNRZ,海南瑞泽
002597.XSHE,JHSY,金禾实业
002598.XSHE,SDZG,山东章鼓
002599.XSHE,STGF,盛通股份
002600.XSHE,JFCC,领益智造
002601.XSHE,LMBL,龙蟒佰利
002602.XSHE,SJHT,世纪华通
002603.XSHE,YLYY,以岭药业
002604.XSHE,LLSW,*ST龙力
002605.XSHE,YJPK,姚记扑克
002606.XSHE,DLDC,大连电瓷
002607.XSHE,ZGJY,中公教育
002608.XSHE,STSC,江苏国信
002609.XSHE,JSKJ,捷顺科技
002610.XSHE,AKKJ,爱康科技
002611.XSHE,DFJG,东方精工
002612.XSHE,LZGF,朗姿股份
002613.XSHE,BBGF,北玻股份
002614.XSHE,MFL,奥佳华
002615.XSHE,HES,哈尔斯
002616.XSHE,ZQJT,长青集团
002617.XSHE,LXKJ,露笑科技
002618.XSHE,DBKJ,丹邦科技
002619.XSHE,JLGY,艾格拉斯
002620.XSHE,RHGF,瑞和股份
002621.XSHE,MJM,美吉姆
002622.XSHE,YDJT,融钰集团
002623.XSHE,YMD,亚玛顿
002624.XSHE,WMHQ,完美世界
002625.XSHE,LSGF,光启技术
002626.XSHE,JDW,金达威
002627.XSHE,YCJY,宜昌交运
002628.XSHE,CDLQ,成都路桥
002629.XSHE,*STRZ,*ST仁智
002630.XSHE,HXNY,华西能源
002631.XSHE,DEWL,德尔未来
002632.XSHE,DMGX,道明光学
002633.XSHE,STSK,申科股份
002634.XSHE,BJGF,棒杰股份
002635.XSHE,AJKJ,安洁科技
002636.XSHE,JAGJ,金安国纪
002637.XSHE,ZYKJ,赞宇科技
002638.XSHE,QSGD,勤上股份
002639.XSHE,XRGF,雪人股份
002640.XSHE,KJT,跨境通
002641.XSHE,YGGF,永高股份
002642.XSHE,*STRL,*ST荣联
002643.XSHE,WRGF,万润股份
002644.XSHE,FCZY,佛慈制药
002645.XSHE,HHKJ,华宏科技
002646.XSHE,QQKJ,青青稞酒
002647.XSHE,HLGF,仁东控股
002648.XSHE,WXSH,卫星石化
002649.XSHE,BYKJ,博彦科技
002650.XSHE,JJSP,加加食品
002651.XSHE,LJGF,利君股份
002652.XSHE,YZXC,扬子新材
002653.XSHE,HSK,海思科
002654.XSHE,WRKJ,万润科技
002655.XSHE,GDDS,共达电声
002656.XSHE,KNDL,摩登大道
002657.XSHE,ZKJC,中科金财
002658.XSHE,XDL,雪迪龙
002659.XSHE,ZTQL,凯文教育
002660.XSHE,MSDY,茂硕电源
002661.XSHE,KMMY,克明面业
002662.XSHE,JWGF,京威股份
002663.XSHE,PBYL,普邦股份
002664.XSHE,XZDJ,长鹰信质
002665.XSHE,SHJN,首航节能
002666.XSHE,DLJT,德联集团
002667.XSHE,AZGF,鞍重股份
002668.XSHE,AMDQ,奥马电器
002669.XSHE,KDXC,康达新材
002670.XSHE,HSGF,国盛金控
002671.XSHE,LQGF,龙泉股份
002672.XSHE,DJHB,东江环保
002673.XSHE,XBZQ,西部证券
002674.XSHE,XYKJ,兴业科技
002675.XSHE,DCYY,东诚药业
002676.XSHE,SWGF,顺威股份
002677.XSHE,ZJMD,浙江美大
002678.XSHE,ZJGQ,珠江钢琴
002679.XSHE,FJJS,福建金森
002680.XSHE,*STCS,*ST长生
002681.XSHE,FDKJ,奋达科技
002682.XSHE,LZGF,龙洲股份
002683.XSHE,HDBP,宏大爆破
002684.XSHE,*STMS,*ST猛狮
002685.XSHE,HDZJ,华东重机
002686.XSHE,YLD,亿利达
002687.XSHE,QZB,乔治白
002688.XSHE,JHSW,金河生物
002689.XSHE,YDZN,远大智能
002690.XSHE,MYGD,美亚光电
002691.XSHE,JKGF,冀凯股份
002692.XSHE,YCGF,远程股份
002693.XSHE,SCYY,双成药业
002694.XSHE,GDKJ,顾地科技
002695.XSHE,HSH,煌上煌
002696.XSHE,BYGF,百洋股份
002697.XSHE,HQLS,红旗连锁
002698.XSHE,BSGF,博实股份
002699.XSHE,MSWH,美盛文化
002700.XSHE,XJHY,新疆浩源
002701.XSHE,ARJ,奥瑞金
002702.XSHE,HXSP,海欣食品
002703.XSHE,ZJSB,浙江世宝
002705.XSHE,XBGF,新宝股份
002706.XSHE,LXDQ,良信电器
002707.XSHE,ZXLY,众信旅游
002708.XSHE,GYGF,光洋股份
002709.XSHE,TCCL,天赐材料
002711.XSHE,*STOP,*ST欧浦
002712.XSHE,SMCM,思美传媒
002713.XSHE,DYRS,东易日盛
002714.XSHE,MYGF,牧原股份
002715.XSHE,DYGF,登云股份
002716.XSHE,JGYY,金贵银业
002717.XSHE,LNYL,岭南股份
002718.XSHE,YBDD,友邦吊顶
002719.XSHE,MQE,麦趣尔
002721.XSHE,JYWH,金一文化
002722.XSHE,JLGF,金轮股份
002723.XSHE,JLT,金莱特
002724.XSHE,HYW,海洋王
002725.XSHE,YLGF,跃岭股份
002726.XSHE,LDRS,龙大肉食
002727.XSHE,YXT,一心堂
002728.XSHE,TYYY,特一药业
002729.XSHE,HLL,好利来
002730.XSHE,DGKJ,电光科技
002731.XSHE,CHZB,萃华珠宝
002732.XSHE,YTRY,燕塘乳业
002733.XSHE,XTGF,雄韬股份
002734.XSHE,LMGF,利民股份
002735.XSHE,WZXC,王子新材
002736.XSHE,GXZQ,国信证券
002737.XSHE,KHYY,葵花药业
002738.XSHE,ZKZY,中矿资源
002739.XSHE,WDYX,万达电影
002740.XSHE,ADE,爱迪尔
002741.XSHE,GHKJ,光华科技
002742.XSHE,SSTC,三圣股份
002743.XSHE,FHGG,富煌钢构
002745.XSHE,MLS,木林森
002746.XSHE,XTGF,仙坛股份
002747.XSHE,ASD,埃斯顿
002748.XSHE,SLSY,世龙实业
002749.XSHE,GGGF,国光股份
002750.XSHE,LJYY,龙津药业
002751.XSHE,YSZS,易尚展示
002752.XSHE,SXGF,昇兴股份
002753.XSHE,YDGF,永东股份
002755.XSHE,ASK,奥赛康
002756.XSHE,YXTG,永兴特钢
002757.XSHE,NXZB,南兴装备
002758.XSHE,HTYY,华通医药
002759.XSHE,TJGF,天际股份
002760.XSHE,FXGF,凤形股份
002761.XSHE,DXA,多喜爱
002762.XSHE,JFLB,金发拉比
002763.XSHE,HJGF,汇洁股份
002765.XSHE,LDCD,蓝黛传动
002766.XSHE,*STSL,*ST索菱
002767.XSHE,XFDZ,先锋电子
002768.XSHE,GEGF,国恩股份
002769.XSHE,PLT,普路通
002770.XSHE,KDRY,科迪乳业
002771.XSHE,ZST,真视通
002772.XSHE,ZXJY,众兴菌业
002773.XSHE,KHYY,康弘药业
002774.XSHE,KYDT,快意电梯
002775.XSHE,WKYL,文科园林
002776.XSHE,BBL,柏堡龙
002777.XSHE,JYYH,久远银海
002778.XSHE,GKSH,高科石化
002779.XSHE,ZJKJ,中坚科技
002780.XSHE,SFHW,三夫户外
002781.XSHE,QXGF,奇信股份
002782.XSHE,KLK,可立克
002783.XSHE,KLGF,凯龙股份
002785.XSHE,WLS,万里石
002786.XSHE,YBSX,银宝山新
002787.XSHE,HYKG,华源控股
002788.XSHE,LYYY,鹭燕医药
002789.XSHE,JYJT,建艺集团
002790.XSHE,RET,瑞尔特
002791.XSHE,JLWJ,坚朗五金
002792.XSHE,TYTX,通宇通讯
002793.XSHE,DYGF,东音股份
002795.XSHE,YHZK,永和智控
002796.XSHE,SJKJ,世嘉科技
002797.XSHE,DYCY,第一创业
002798.XSHE,DWJJ,帝欧家居
002799.XSHE,HQYW,环球印务
002800.XSHE,TSGF,天顺股份
002801.XSHE,WGGF,微光股份
002802.XSHE,HHXC,洪汇新材
002803.XSHE,JHGF,吉宏股份
002805.XSHE,FYGF,丰元股份
002806.XSHE,HFGF,华锋股份
002807.XSHE,JYYH,江阴银行
002808.XSHE,HJKJ,恒久科技
002809.XSHE,HQGF,红墙股份
002810.XSHE,SDHD,山东赫达
002811.XSHE,YTGJ,亚泰国际
002812.XSHE,EJGF,恩捷股份
002813.XSHE,LCKJ,路畅科技
002815.XSHE,CDJS,崇达技术
002816.XSHE,HKD,和科达
002817.XSHE,HSJN,黄山胶囊
002818.XSHE,FSM,富森美
002819.XSHE,DFZK,东方中科
002820.XSHE,GFX,桂发祥
002821.XSHE,KLY,凯莱英
002822.XSHE,ZZJS,中装建设
002823.XSHE,KZJM,凯中精密
002824.XSHE,HSGF,和胜股份
002825.XSHE,NEGF,纳尔股份
002826.XSHE,YMYY,易明医药
002827.XSHE,GZMB,高争民爆
002828.XSHE,BKNY,贝肯能源
002829.XSHE,XWYD,星网宇达
002830.XSHE,MDGF,名雕股份
002831.XSHE,YTKJ,裕同科技
002832.XSHE,BYLF,比音勒芬
002833.XSHE,HYSK,弘亚数控
002835.XSHE,TWGF,同为股份
002836.XSHE,XHZ,新宏泽
002837.XSHE,YWK,英维克
002838.XSHE,DEGF,道恩股份
002839.XSHE,ZJGH,张家港行
002840.XSHE,HTGF,华统股份
002841.XSHE,SYGF,视源股份
002842.XSHE,XLWY,翔鹭钨业
002843.XSHE,TJGF,泰嘉股份
002845.XSHE,TXD,同兴达
002846.XSHE,YLGF,英联股份
002847.XSHE,YJPZ,盐津铺子
002848.XSHE,GSBE,高斯贝尔
002849.XSHE,WXZN,威星智能
002850.XSHE,KDL,科达利
002851.XSHE,MGMT,麦格米特
002852.XSHE,DDQ,道道全
002853.XSHE,PAN,皮阿诺
002855.XSHE,JRJS,捷荣技术
002856.XSHE,MZGF,美芝股份
002857.XSHE,SHDQ,三晖电气
002858.XSHE,LSSC,力盛赛车
002859.XSHE,JMKJ,洁美科技
002860.XSHE,XSE,星帅尔
002861.XSHE,YTTX,瀛通通讯
002862.XSHE,SFWH,实丰文化
002863.XSHE,JFKD,今飞凯达
002864.XSHE,PLYY,盘龙药业
002865.XSHE,JDGF,钧达股份
002866.XSHE,CYKJ,传艺科技
002867.XSHE,ZDS,周大生
002868.XSHE,LKSH,绿康生化
002869.XSHE,JYKJ,金溢科技
002870.XSHE,XSGF,香山股份
002871.XSHE,WLGF,伟隆股份
002872.XSHE,*STTS,*ST天圣
002873.XSHE,XTYY,新天药业
002875.XSHE,ANE,安奈儿
002876.XSHE,SLP,三利谱
002877.XSHE,ZNZK,智能自控
002878.XSHE,YLYT,元隆雅图
002879.XSHE,CLKJ,长缆科技
002880.XSHE,WGSW,卫光生物
002881.XSHE,MGZN,美格智能
002882.XSHE,JLY,金龙羽
002883.XSHE,ZSGF,中设股份
002884.XSHE,LXBY,凌霄泵业
002885.XSHE,JQH,京泉华
002886.XSHE,WTGF,沃特股份
002887.XSHE,LYST,绿茵生态
002888.XSHE,HWKJ,惠威科技
002889.XSHE,DFJS,东方嘉盛
002890.XSHE,HYGF,弘宇股份
002891.XSHE,ZCGF,中宠股份
002892.XSHE,KLE,科力尔
002893.XSHE,HTRL,华通热力
002895.XSHE,CHGF,川恒股份
002896.XSHE,ZDLD,中大力德
002897.XSHE,YHGF,意华股份
002898.XSHE,SLYY,赛隆药业
002899.XSHE,YPS,英派斯
002900.XSHE,HSL,哈三联
002901.XSHE,DBYL,大博医疗
002902.XSHE,MPGC,铭普光磁
002903.XSHE,YHSK,宇环数控
002905.XSHE,JYYS,金逸影视
002906.XSHE,HYJT,华阳集团
002907.XSHE,HSZY,华森制药
002908.XSHE,DSKJ,德生科技
002909.XSHE,JTGF,集泰股份
002910.XSHE,ZYMC,庄园牧场
002911.XSHE,FRGF,佛燃股份
002912.XSHE,ZXSK,中新赛克
002913.XSHE,ASK,奥士康
002915.XSHE,ZXFC,中欣氟材
002916.XSHE,SNDL,深南电路
002917.XSHE,JAB,金奥博
002918.XSHE,MNLS,蒙娜丽莎
002919.XSHE,MCJK,名臣健康
002920.XSHE,DSXW,德赛西威
002921.XSHE,LCJM,联诚精密
002922.XSHE,YGE,伊戈尔
002923.XSHE,RDGF,润都股份
002925.XSHE,YQKJ,盈趣科技
002926.XSHE,HXZQ,华西证券
002927.XSHE,TYCZ,泰永长征
002928.XSHE,HXHK,华夏航空
002929.XSHE,RJGF,润建股份
002930.XSHE,HCZH,宏川智慧
002931.XSHE,FLGF,锋龙股份
002932.XSHE,MDSW,明德生物
002933.XSHE,XXZB,新兴装备
002935.XSHE,TADZ,天奥电子
002936.XSHE,ZZYX,郑州银行
002937.XSHE,XRKJ,兴瑞科技
002938.XSHE,PDKG,鹏鼎控股
002939.XSHE,CCZQ,长城证券
002940.XSHE,ALK,昂利康
002941.XSHE,XJJJ,新疆交建
002942.XSHE,XNGF,新农股份
002943.XSHE,YJGF,宇晶股份
300001.XSHE,TRD,特锐德
300002.XSHE,SZTY,神州泰岳
300003.XSHE,LPYL,乐普医疗
300004.XSHE,NFGF,南风股份
300005.XSHE,TLZ,探路者
300006.XSHE,LMYY,莱美药业
300007.XSHE,HWDZ,汉威科技
300008.XSHE,SHJH,天海防务
300009.XSHE,AKSW,安科生物
300010.XSHE,LSC,立思辰
300011.XSHE,DHJS,鼎汉技术
300012.XSHE,HCJC,华测检测
300013.XSHE,XNWL,新宁物流
300014.XSHE,YWLN,亿纬锂能
300015.XSHE,AEYK,爱尔眼科
300016.XSHE,BLYY,北陆药业
300017.XSHE,WSKJ,网宿科技
300018.XSHE,ZYHD,中元股份
300019.XSHE,GBKJ,硅宝科技
300020.XSHE,YJGF,银江股份
300021.XSHE,DYJS,大禹节水
300022.XSHE,JFKJ,吉峰科技
300023.XSHE,BDGF,宝德股份
300024.XSHE,JQR,机器人
300025.XSHE,HXCY,华星创业
300026.XSHE,HRYY,红日药业
300027.XSHE,HYXD,华谊兄弟
300028.XSHE,JYKJ,金亚科技
300029.XSHE,TLGD,天龙光电
300030.XSHE,YPYL,阳普医疗
300031.XSHE,BTKJ,宝通科技
300032.XSHE,JLJD,金龙机电
300033.XSHE,THS,同花顺
300034.XSHE,GYGN,钢研高纳
300035.XSHE,ZKDQ,中科电气
300036.XSHE,CTRJ,超图软件
300037.XSHE,XZB,新宙邦
300038.XSHE,SZKJ,数知科技
300039.XSHE,SHKB,上海凯宝
300040.XSHE,JZDQ,九洲电气
300041.XSHE,HTXC,回天新材
300042.XSHE,LKKJ,朗科科技
300043.XSHE,HDYL,星辉娱乐
300044.XSHE,SWZN,赛为智能
300045.XSHE,HLCT,华力创通
300046.XSHE,TJGF,台基股份
300047.XSHE,TYDK,天源迪科
300048.XSHE,HKBP,合康新能
300049.XSHE,FRGF,福瑞股份
300050.XSHE,SJDL,世纪鼎利
300051.XSHE,SWHL,三五互联
300052.XSHE,ZQB,中青宝
300053.XSHE,OBT,欧比特
300054.XSHE,DLGF,鼎龙股份
300055.XSHE,WBD,万邦达
300056.XSHE,SWS,三维丝
300057.XSHE,WSXC,万顺新材
300058.XSHE,LSGB,蓝色光标
300059.XSHE,DFCF,东方财富
300061.XSHE,KNT,康旗股份
300062.XSHE,ZNDQ,中能电气
300063.XSHE,TLJT,天龙集团
300064.XSHE,YJGS,豫金刚石
300065.XSHE,HLX,海兰信
300066.XSHE,SCZH,三川智慧
300067.XSHE,ANQ,安诺其
300068.XSHE,NDDY,南都电源
300069.XSHE,JLHD,金利华电
300070.XSHE,BSY,碧水源
300071.XSHE,HYJX,华谊嘉信
300072.XSHE,SJHB,三聚环保
300073.XSHE,DSKJ,当升科技
300074.XSHE,HPGF,华平股份
300075.XSHE,SZZT,数字政通
300076.XSHE,GQYSX,GQY视讯
300077.XSHE,GMJS,国民技术
300078.XSHE,SCYH,思创医惠
300079.XSHE,SMSX,数码科技
300080.XSHE,YCXN,易成新能
300081.XSHE,HXYD,恒信东方
300082.XSHE,AKGF,奥克股份
300083.XSHE,JSJM,劲胜智能
300084.XSHE,HMKJ,海默科技
300085.XSHE,YZJ,银之杰
300086.XSHE,KZYY,康芝药业
300087.XSHE,QYGK,荃银高科
300088.XSHE,ZXKJ,长信科技
300089.XSHE,WHCC,文化长城
300090.XSHE,SYHB,盛运环保
300091.XSHE,JTL,金通灵
300092.XSHE,KXJD,科新机电
300093.XSHE,JGBL,金刚玻璃
300094.XSHE,GLSC,国联水产
300095.XSHE,HWGF,华伍股份
300096.XSHE,YLZ,易联众
300097.XSHE,ZYGF,智云股份
300098.XSHE,GXX,高新兴
300099.XSHE,YLK,精准信息
300100.XSHE,SLGF,双林股份
300101.XSHE,ZXKJ,振芯科技
300102.XSHE,QZGD,乾照光电
300103.XSHE,DGLJ,达刚路机
300104.XSHE,LSW,乐视网
300105.XSHE,LYJS,龙源技术
300106.XSHE,XBMY,西部牧业
300107.XSHE,JXGF,建新股份
300108.XSHE,SLGF,吉药控股
300109.XSHE,XKY,新开源
300110.XSHE,HRYY,华仁药业
300111.XSHE,XRK,向日葵
300112.XSHE,WXZK,万讯自控
300113.XSHE,SWKJ,顺网科技
300114.XSHE,ZHDC,中航电测
300115.XSHE,ZYJM,长盈精密
300116.XSHE,JRXF,坚瑞沃能
300117.XSHE,JYGF,嘉寓股份
300118.XSHE,DFRS,东方日升
300119.XSHE,RPSW,瑞普生物
300120.XSHE,JWHK,经纬辉开
300121.XSHE,YGHT,阳谷华泰
300122.XSHE,ZFSW,智飞生物
300123.XSHE,TYN,亚光科技
300124.XSHE,HCJS,汇川技术
300125.XSHE,YSD,易世达
300126.XSHE,RQGF,锐奇股份
300127.XSHE,YHCT,银河磁体
300128.XSHE,JFXC,锦富技术
300129.XSHE,TSFN,泰胜风能
300130.XSHE,XGD,新国都
300131.XSHE,YTZK,英唐智控
300132.XSHE,QSGF,青松股份
300133.XSHE,HCYS,华策影视
300134.XSHE,DFKJ,大富科技
300135.XSHE,BLGJ,宝利国际
300136.XSHE,XWTX,信维通信
300137.XSHE,XHHB,先河环保
300138.XSHE,CGSW,晨光生物
300139.XSHE,XCKJ,晓程科技
300140.XSHE,QYZB,中环装备
300141.XSHE,HSDQ,和顺电气
300142.XSHE,WSSW,沃森生物
300143.XSHE,XHSW,星普医科
300144.XSHE,SCYY,宋城演艺
300145.XSHE,NFBY,中金环境
300146.XSHE,TCBJ,汤臣倍健
300147.XSHE,XXZY,香雪制药
300148.XSHE,TZWH,天舟文化
300149.XSHE,LZGK,量子生物
300150.XSHE,SJRE,世纪瑞尔
300151.XSHE,CHKJ,昌红科技
300152.XSHE,KRHJ,科融环境
300153.XSHE,KTDY,科泰电源
300154.XSHE,RLGF,瑞凌股份
300155.XSHE,AJB,安居宝
300156.XSHE,SWHB,神雾环保
300157.XSHE,HTAP,恒泰艾普
300158.XSHE,ZDZY,振东制药
300159.XSHE,XYGF,新研股份
300160.XSHE,XQGF,秀强股份
300161.XSHE,HZSK,华中数控
300162.XSHE,LMGD,雷曼光电
300163.XSHE,XFXC,先锋新材
300164.XSHE,TYSY,通源石油
300165.XSHE,TRYQ,天瑞仪器
300166.XSHE,DFGX,东方国信
300167.XSHE,DWSX,迪威迅
300168.XSHE,WDXX,万达信息
300169.XSHE,TSXC,天晟新材
300170.XSHE,HDXX,汉得信息
300171.XSHE,DFL,东富龙
300172.XSHE,ZDHB,中电环保
300173.XSHE,ZHSD,智慧松德
300174.XSHE,YLGF,元力股份
300175.XSHE,LYGF,朗源股份
300176.XSHE,PSKJ,派生科技
300177.XSHE,ZHD,中海达
300178.XSHE,TBGJ,腾邦国际
300179.XSHE,SFD,四方达
300180.XSHE,HFCX,华峰超纤
300181.XSHE,ZLYY,佐力药业
300182.XSHE,JCGF,捷成股份
300183.XSHE,DRZB,东软载波
300184.XSHE,LYXX,力源信息
300185.XSHE,TYZG,通裕重工
300187.XSHE,YQHB,永清环保
300188.XSHE,MYBK,美亚柏科
300189.XSHE,SNJY,神农基因
300190.XSHE,WEL,维尔利
300191.XSHE,QNHX,潜能恒信
300192.XSHE,KSWD,科斯伍德
300193.XSHE,JSKJ,佳士科技
300194.XSHE,FAYY,福安药业
300195.XSHE,ZRGF,长荣股份
300196.XSHE,ZHGF,长海股份
300197.XSHE,THST,铁汉生态
300198.XSHE,NCGF,纳川股份
300199.XSHE,HYYY,翰宇药业
300200.XSHE,GMXC,高盟新材
300201.XSHE,HLZ,海伦哲
300202.XSHE,JLGF,聚龙股份
300203.XSHE,JGKJ,聚光科技
300204.XSHE,STS,舒泰神
300205.XSHE,TYXX,天喻信息
300206.XSHE,LBYQ,理邦仪器
300207.XSHE,XWD,欣旺达
300208.XSHE,QDZC,青岛中程
300209.XSHE,TZXX,天泽信息
300210.XSHE,SYGF,森远股份
300211.XSHE,YTKJ,亿通科技
300212.XSHE,YHL,易华录
300213.XSHE,JXFH,佳讯飞鸿
300214.XSHE,RKHX,日科化学
300215.XSHE,DKY,电科院
300216.XSHE,QSYJ,千山药机
300217.XSHE,DFDR,东方电热
300218.XSHE,ALGF,安利股份
300219.XSHE,HLGD,鸿利智汇
300220.XSHE,JYJG,金运激光
300221.XSHE,YXKJ,银禧科技
300222.XSHE,KDZN,科大智能
300223.XSHE,BJJZ,北京君正
300224.XSHE,ZHCC,正海磁材
300225.XSHE,JLT,金力泰
300226.XSHE,SHGL,上海钢联
300227.XSHE,GYD,光韵达
300228.XSHE,FRTZ,富瑞特装
300229.XSHE,TES,拓尔思
300230.XSHE,YLGF,永利股份
300231.XSHE,YXKJ,银信科技
300232.XSHE,ZMKJ,洲明科技
300233.XSHE,JCYY,金城医药
300234.XSHE,KEXC,开尔新材
300235.XSHE,FZKJ,方直科技
300236.XSHE,SHXY,上海新阳
300237.XSHE,MCKJ,美晨生态
300238.XSHE,GHSW,冠昊生物
300239.XSHE,DBSW,东宝生物
300240.XSHE,FLD,飞力达
300241.XSHE,RFGD,瑞丰光电
300242.XSHE,MJKJ,佳云科技
300243.XSHE,RFGC,瑞丰高材
300244.XSHE,DAZD,迪安诊断
300245.XSHE,TJKJ,天玑科技
300246.XSHE,BLT,宝莱特
300247.XSHE,RJJK,融捷健康
300248.XSHE,XKP,新开普
300249.XSHE,YMK,依米康
300250.XSHE,CLXX,初灵信息
300251.XSHE,GXCM,光线传媒
300252.XSHE,JXN,金信诺
300253.XSHE,WNJK,卫宁健康
300254.XSHE,QYYY,仟源医药
300255.XSHE,CSYY,常山药业
300256.XSHE,XXKJ,星星科技
300257.XSHE,KSGF,开山股份
300258.XSHE,JDKJ,精锻科技
300259.XSHE,XTKJ,新天科技
300260.XSHE,XLYC,新莱应材
300261.XSHE,YBHX,雅本化学
300262.XSHE,BASW,巴安水务
300263.XSHE,LHJN,隆华科技
300264.XSHE,JCSX,佳创视讯
300265.XSHE,TGXL,通光线缆
300266.XSHE,XYHJ,兴源环境
300267.XSHE,EKZY,尔康制药
300268.XSHE,WFSK,佳沃股份
300269.XSHE,LJGD,联建光电
300270.XSHE,ZWDZ,中威电子
300271.XSHE,HYRJ,华宇软件
300272.XSHE,KNHB,开能健康
300273.XSHE,HJGF,和佳股份
300274.XSHE,YGDY,阳光电源
300275.XSHE,MAS,梅安森
300276.XSHE,SFZN,三丰智能
300277.XSHE,HLX,海联讯
300278.XSHE,HCD,华昌达
300279.XSHE,HJKJ,和晶科技
300280.XSHE,NTDY,紫天科技
300281.XSHE,JMJJ,金明精机
300282.XSHE,HGGF,三盛教育
300283.XSHE,WZHF,温州宏丰
300284.XSHE,SJK,苏交科
300285.XSHE,GCCL,国瓷材料
300286.XSHE,AKR,安科瑞
300287.XSHE,FLX,飞利信
300288.XSHE,LMXX,朗玛信息
300289.XSHE,LDM,利德曼
300290.XSHE,RKKJ,荣科科技
300291.XSHE,HLBN,华录百纳
300292.XSHE,WTKG,吴通控股
300293.XSHE,LYZB,蓝英装备
300294.XSHE,BYSW,博雅生物
300295.XSHE,SLWW,三六五网
300296.XSHE,LYD,利亚德
300297.XSHE,LDGF,蓝盾股份
300298.XSHE,SNSW,三诺生物
300299.XSHE,FCTX,富春股份
300300.XSHE,HDGF,汉鼎宇佑
300301.XSHE,ZFZM,长方集团
300302.XSHE,TYKJ,同有科技
300303.XSHE,JFGD,聚飞光电
300304.XSHE,YYDQ,云意电气
300305.XSHE,YXGF,裕兴股份
300306.XSHE,YFGD,远方信息
300307.XSHE,CXGF,慈星股份
300308.XSHE,ZJZB,中际旭创
300309.XSHE,JAKJ,吉艾科技
300310.XSHE,YTSJ,宜通世纪
300311.XSHE,RZX,任子行
300312.XSHE,BXJS,邦讯技术
300313.XSHE,TSSW,天山生物
300314.XSHE,DWYL,戴维医疗
300315.XSHE,ZQKJ,掌趣科技
300316.XSHE,JSJD,晶盛机电
300317.XSHE,JWXN,珈伟新能
300318.XSHE,BHCX,博晖创新
300319.XSHE,MJKJ,麦捷科技
300320.XSHE,HDGF,海达股份
300321.XSHE,TDGF,同大股份
300322.XSHE,SBD,硕贝德
300323.XSHE,HCGD,华灿光电
300324.XSHE,XJXX,旋极信息
300325.XSHE,DWXC,德威新材
300326.XSHE,KLT,凯利泰
300327.XSHE,ZYDZ,中颖电子
300328.XSHE,YAKJ,宜安科技
300329.XSHE,HLGQ,海伦钢琴
300330.XSHE,HHJT,华虹计通
300331.XSHE,SDWG,苏大维格
300332.XSHE,THHJ,天壕环境
300333.XSHE,ZRKJ,兆日科技
300334.XSHE,JMKJ,津膜科技
300335.XSHE,DSGF,迪森股份
300336.XSHE,XWH,新文化
300337.XSHE,YBGF,银邦股份
300338.XSHE,KYYQ,开元股份
300339.XSHE,RHRJ,润和软件
300340.XSHE,KHGF,科恒股份
300341.XSHE,MKAD,麦克奥迪
300342.XSHE,TYJD,天银机电
300343.XSHE,LCGF,联创互联
300344.XSHE,TKBY,太空智造
300345.XSHE,HYXC,红宇新材
300346.XSHE,NDGD,南大光电
300347.XSHE,TGYY,泰格医药
300348.XSHE,ZLKJ,长亮科技
300349.XSHE,JKGF,金卡智能
300350.XSHE,HPF,华鹏飞
300351.XSHE,YGDQ,永贵电器
300352.XSHE,BXY,北信源
300353.XSHE,DTKJ,东土科技
300354.XSHE,DHCS,东华测试
300355.XSHE,MCKH,蒙草生态
300356.XSHE,GYKJ,光一科技
300357.XSHE,WWSW,我武生物
300358.XSHE,CTKJ,楚天科技
300359.XSHE,QTJY,全通教育
300360.XSHE,JHKJ,炬华科技
300362.XSHE,TXHJ,天翔环境
300363.XSHE,BTGF,博腾股份
300364.XSHE,ZWZX,中文在线
300365.XSHE,HHKJ,恒华科技
300366.XSHE,CYXX,创意信息
300367.XSHE,DFWL,东方网力
300368.XSHE,HJGF,汇金股份
300369.XSHE,LMKJ,绿盟科技
300370.XSHE,AKKJ,安控科技
300371.XSHE,HZGF,汇中股份
300373.XSHE,YJKJ,扬杰科技
300374.XSHE,HTKJ,恒通科技
300375.XSHE,PLGF,鹏翎股份
300376.XSHE,YST,易事特
300377.XSHE,YSS,赢时胜
300378.XSHE,DJRJ,鼎捷软件
300379.XSHE,DFT,东方通
300380.XSHE,ASXX,安硕信息
300381.XSHE,YDL,溢多利
300382.XSHE,SLK,斯莱克
300383.XSHE,GHXW,光环新网
300384.XSHE,SLHP,三联虹普
300385.XSHE,XLHJ,雪浪环境
300386.XSHE,FTCX,飞天诚信
300387.XSHE,FBGF,富邦股份
300388.XSHE,GZHB,国祯环保
300389.XSHE,ABS,艾比森
300390.XSHE,THCJ,天华超净
300391.XSHE,KYKJ,康跃科技
300392.XSHE,TXGF,腾信股份
300393.XSHE,ZLGF,中来股份
300394.XSHE,TFTX,天孚通信
300395.XSHE,FLH,菲利华
300396.XSHE,DRYL,迪瑞医疗
300397.XSHE,THFW,天和防务
300398.XSHE,FKCL,飞凯材料
300399.XSHE,JTL,京天利
300400.XSHE,JTGF,劲拓股份
300401.XSHE,HYSW,花园生物
300402.XSHE,BSGF,宝色股份
300403.XSHE,HYJT,汉宇集团
300404.XSHE,BJYY,博济医药
300405.XSHE,KLJH,科隆股份
300406.XSHE,JQSW,九强生物
300407.XSHE,KFDQ,凯发电气
300408.XSHE,SHJT,三环集团
300409.XSHE,DSJS,道氏技术
300410.XSHE,ZYKJ,正业科技
300411.XSHE,JDGF,金盾股份
300412.XSHE,JNKJ,迦南科技
300413.XSHE,KLG,芒果超媒
300414.XSHE,ZGFL,中光防雷
300415.XSHE,YZM,伊之密
300416.XSHE,SSSY,苏试试验
300417.XSHE,NHYQ,南华仪器
300418.XSHE,KLWW,昆仑万维
300419.XSHE,HFKJ,浩丰科技
300420.XSHE,WYKJ,五洋停车
300421.XSHE,LXGF,力星股份
300422.XSHE,BSK,博世科
300423.XSHE,LYT,鲁亿通
300424.XSHE,HXKJ,航新科技
300425.XSHE,HNKJ,环能科技
300426.XSHE,TDYS,唐德影视
300427.XSHE,HXDL,红相股份
300428.XSHE,STXC,四通新材
300429.XSHE,QLXC,强力新材
300430.XSHE,CYT,诚益通
300431.XSHE,BFKJ,暴风集团
300432.XSHE,FLJG,富临精工
300433.XSHE,LSKJ,蓝思科技
300434.XSHE,JSDF,金石东方
300435.XSHE,ZTGF,中泰股份
300436.XSHE,GST,广生堂
300437.XSHE,QSY,清水源
300438.XSHE,PHNY,鹏辉能源
300439.XSHE,MKSW,美康生物
300440.XSHE,YDKJ,运达科技
300441.XSHE,BSGF,鲍斯股份
300442.XSHE,PLS,普丽盛
300443.XSHE,JLGF,金雷股份
300444.XSHE,SJDQ,双杰电气
300445.XSHE,KST,康斯特
300446.XSHE,LKXC,乐凯新材
300447.XSHE,QXGF,全信股份
300448.XSHE,HYKJ,浩云科技
300449.XSHE,HBGK,汉邦高科
300450.XSHE,XDZN,先导智能
300451.XSHE,CYHK,创业慧康
300452.XSHE,SHYF,山河药辅
300453.XSHE,SXYL,三鑫医疗
300454.XSHE,SXF,深信服
300455.XSHE,KTHW,康拓红外
300456.XSHE,NWKJ,耐威科技
300457.XSHE,YHKJ,赢合科技
300458.XSHE,QZKJ,全志科技
300459.XSHE,ZJJK,金科文化
300460.XSHE,HLJT,惠伦晶体
300461.XSHE,TZJJ,田中精机
300462.XSHE,HMZN,华铭智能
300463.XSHE,MKSW,迈克生物
300464.XSHE,XHJM,星徽精密
300465.XSHE,GWD,高伟达
300466.XSHE,SMDQ,赛摩电气
300467.XSHE,XYKJ,迅游科技
300468.XSHE,SFJC,四方精创
300469.XSHE,XXFZ,信息发展
300470.XSHE,RJMF,日机密封
300471.XSHE,HPGF,厚普股份
300472.XSHE,XYKJ,新元科技
300473.XSHE,DEGF,德尔股份
300474.XSHE,JJW,景嘉微
300475.XSHE,JLKJ,聚隆科技
300476.XSHE,SHKJ,胜宏科技
300477.XSHE,HZKJ,合纵科技
300478.XSHE,HZGX,杭州高新
300479.XSHE,SSDZ,神思电子
300480.XSHE,GLKJ,光力科技
300481.XSHE,PYHC,濮阳惠成
300482.XSHE,WFSW,万孚生物
300483.XSHE,WSGF,沃施股份
300484.XSHE,LHHT,蓝海华腾
300485.XSHE,SSYY,赛升药业
300486.XSHE,DJZN,东杰智能
300487.XSHE,LXKJ,蓝晓科技
300488.XSHE,HFGJ,恒锋工具
300489.XSHE,ZFGF,中飞股份
300490.XSHE,HZKJ,华自科技
300491.XSHE,THKJ,通合科技
300492.XSHE,SDSJ,山鼎设计
300493.XSHE,RXKJ,润欣科技
300494.XSHE,STWL,盛天网络
300495.XSHE,MSST,美尚生态
300496.XSHE,ZKCD,中科创达
300497.XSHE,FXGF,富祥股份
300498.XSHE,WSGF,温氏股份
300499.XSHE,GLGF,高澜股份
300500.XSHE,SZSJ,启迪设计
300501.XSHE,HSXC,海顺新材
300502.XSHE,XYS,新易盛
300503.XSHE,HZJD,昊志机电
300504.XSHE,TYGF,天邑股份
300505.XSHE,CJN,川金诺
300506.XSHE,MJH,名家汇
300507.XSHE,SACG,苏奥传感
300508.XSHE,WHGF,维宏股份
300509.XSHE,XMX,新美星
300510.XSHE,JGDQ,金冠股份
300511.XSHE,XRSW,雪榕生物
300512.XSHE,ZYGF,中亚股份
300513.XSHE,HSKJ,恒实科技
300514.XSHE,YXD,友讯达
300515.XSHE,SDKJ,三德科技
300516.XSHE,JZY,久之洋
300517.XSHE,HBZK,海波重科
300518.XSHE,SXD,盛讯达
300519.XSHE,XGYY,新光药业
300520.XSHE,KDGC,科大国创
300521.XSHE,ASK,爱司凯
300522.XSHE,SMKJ,世名科技
300523.XSHE,CAKJ,辰安科技
300525.XSHE,BSRJ,博思软件
300526.XSHE,ZQGF,中潜股份
300527.XSHE,HZYJ,中国应急
300528.XSHE,XFLH,幸福蓝海
300529.XSHE,JFSW,健帆生物
300530.XSHE,DZKJ,达志科技
300531.XSHE,YBX,优博讯
300532.XSHE,JTGJ,今天国际
300533.XSHE,BCWL,冰川网络
300534.XSHE,LSRF,陇神戎发
300535.XSHE,DWGF,达威股份
300536.XSHE,NSHJ,农尚环境
300537.XSHE,GXCL,广信材料
300538.XSHE,TYGF,同益股份
300539.XSHE,HHMJ,横河模具
300540.XSHE,SLGF,深冷股份
300541.XSHE,XJST,先进数通
300542.XSHE,XCKJ,新晨科技
300543.XSHE,LKZN,朗科智能
300545.XSHE,LDZB,联得装备
300546.XSHE,XDKJ,雄帝科技
300547.XSHE,CHKJ,川环科技
300548.XSHE,BCKJ,博创科技
300549.XSHE,YDJM,优德精密
300550.XSHE,HRKJ,和仁科技
300551.XSHE,GAKJ,古鳌科技
300552.XSHE,WJKJ,万集科技
300553.XSHE,JZGF,集智股份
300554.XSHE,SCXC,三超新材
300555.XSHE,LTSX,路通视信
300556.XSHE,SLSJ,丝路视觉
300557.XSHE,LGGK,理工光科
300558.XSHE,BDYY,贝达药业
300559.XSHE,JFAT,佳发教育
300560.XSHE,ZFT,中富通
300561.XSHE,HJKJ,汇金科技
300562.XSHE,LXYL,乐心医疗
300563.XSHE,SYGF,神宇股份
300565.XSHE,KXJS,科信技术
300566.XSHE,JZKJ,激智科技
300567.XSHE,JCDZ,精测电子
300568.XSHE,XYCZ,星源材质
300569.XSHE,TNZG,天能重工
300570.XSHE,TCG,太辰光
300571.XSHE,PZXX,平治信息
300572.XSHE,ACJC,安车检测
300573.XSHE,XQYY,兴齐眼药
300575.XSHE,ZQGF,中旗股份
300576.XSHE,RDGG,容大感光
300577.XSHE,KRGF,开润股份
300578.XSHE,HCTX,会畅通讯
300579.XSHE,SZRZ,数字认证
300580.XSHE,BST,贝斯特
300581.XSHE,CXHK,晨曦航空
300582.XSHE,YFT,英飞特
300583.XSHE,STSW,赛托生物
300584.XSHE,HCYY,海辰药业
300585.XSHE,ALDZ,奥联电子
300586.XSHE,MLXC,美联新材
300587.XSHE,TTGF,天铁股份
300588.XSHE,XLXX,熙菱信息
300589.XSHE,JLCT,江龙船艇
300590.XSHE,YWTX,移为通信
300591.XSHE,WLM,万里马
300592.XSHE,HKCY,华凯创意
300593.XSHE,XLN,新雷能
300595.XSHE,OPKS,欧普康视
300596.XSHE,LAL,利安隆
300597.XSHE,JDTX,吉大通信
300598.XSHE,CMKJ,诚迈科技
300599.XSHE,XSKJ,雄塑科技
300600.XSHE,RTGF,瑞特股份
300601.XSHE,KTSW,康泰生物
300602.XSHE,FRD,飞荣达
300603.XSHE,LAJS,立昂技术
300604.XSHE,CCKJ,长川科技
300605.XSHE,HFXX,恒锋信息
300606.XSHE,JTY,金太阳
300607.XSHE,TSD,拓斯达
300608.XSHE,STQ,思特奇
300609.XSHE,HNKJ,汇纳科技
300610.XSHE,CHGF,晨化股份
300611.XSHE,MLKJ,美力科技
300612.XSHE,XYGJ,宣亚国际
300613.XSHE,FHW,富瀚微
300615.XSHE,XTKJ,欣天科技
300616.XSHE,SPZP,尚品宅配
300617.XSHE,AKZD,安靠智电
300618.XSHE,HRGY,寒锐钴业
300619.XSHE,JYH,金银河
300620.XSHE,GKKJ,光库科技
300621.XSHE,WYGF,维业股份
300622.XSHE,BSYJ,博士眼镜
300623.XSHE,JJWD,捷捷微电
300624.XSHE,WXKJ,万兴科技
300625.XSHE,SXJG,三雄极光
300626.XSHE,HRGF,华瑞股份
300627.XSHE,HCDH,华测导航
300628.XSHE,YLWL,亿联网络
300629.XSHE,XJG,新劲刚
300630.XSHE,PLZY,普利制药
300631.XSHE,JWGK,久吾高科
300632.XSHE,GPGF,光莆股份
300633.XSHE,KLYL,开立医疗
300634.XSHE,CXGF,彩讯股份
300635.XSHE,DAGF,达安股份
300636.XSHE,THYY,同和药业
300637.XSHE,YFXC,扬帆新材
300638.XSHE,GHT,广和通
300639.XSHE,KPSW,凯普生物
300640.XSHE,DYWC,德艺文创
300641.XSHE,ZDGF,正丹股份
300642.XSHE,TJSM,透景生命
300643.XSHE,WTZK,万通智控
300644.XSHE,NJJL,南京聚隆
300645.XSHE,ZYZH,正元智慧
300647.XSHE,CPS,超频三
300648.XSHE,XYGF,星云股份
300649.XSHE,HZYL,杭州园林
300650.XSHE,TLZM,太龙照明
300651.XSHE,JLTY,金陵体育
300652.XSHE,LDK,雷迪克
300653.XSHE,ZHSW,正海生物
300654.XSHE,SJTH,世纪天鸿
300655.XSHE,JRGF,晶瑞股份
300656.XSHE,MDDZ,民德电子
300657.XSHE,HXDZ,弘信电子
300658.XSHE,YJGF,延江股份
300659.XSHE,ZFXX,中孚信息
300660.XSHE,JSLL,江苏雷利
300661.XSHE,SBGF,圣邦股份
300662.XSHE,KRGJ,科锐国际
300663.XSHE,KLRJ,科蓝软件
300664.XSHE,PYHB,鹏鹞环保
300665.XSHE,FLGF,飞鹿股份
300666.XSHE,JFDZ,江丰电子
300667.XSHE,BCKJ,必创科技
300668.XSHE,JESJ,杰恩设计
300669.XSHE,HNGF,沪宁股份
300670.XSHE,DYZN,大烨智能
300671.XSHE,FMDZ,富满电子
300672.XSHE,GKW,国科微
300673.XSHE,PDGF,佩蒂股份
300674.XSHE,YXKJ,宇信科技
300675.XSHE,JKY,建科院
300676.XSHE,HDJY,华大基因
300677.XSHE,YKYL,英科医疗
300678.XSHE,ZKXX,中科信息
300679.XSHE,DLJS,电连技术
300680.XSHE,LSKJ,隆盛科技
300681.XSHE,YBE,英搏尔
300682.XSHE,LXKJ,朗新科技
300683.XSHE,HTSW,海特生物
300684.XSHE,ZSKJ,中石科技
300685.XSHE,ADSW,艾德生物
300686.XSHE,ZDL,智动力
300687.XSHE,SYXX,赛意信息
300688.XSHE,CYHM,创业黑马
300689.XSHE,CTWY,澄天伟业
300690.XSHE,SYKJ,双一科技
300691.XSHE,LHGD,联合光电
300692.XSHE,ZHHB,中环环保
300693.XSHE,SHGF,盛弘股份
300694.XSHE,LHGF,蠡湖股份
300695.XSHE,ZFGF,兆丰股份
300696.XSHE,ALD,爱乐达
300697.XSHE,DGHJ,电工合金
300698.XSHE,WMKJ,万马科技
300699.XSHE,GWFC,光威复材
300700.XSHE,DLXC,岱勒新材
300701.XSHE,SBGF,森霸传感
300702.XSHE,TYGF,天宇股份
300703.XSHE,CYWH,创源文化
300705.XSHE,JDZY,九典制药
300706.XSHE,ASC,阿石创
300707.XSHE,WTGY,威唐工业
300708.XSHE,JCGD,聚灿光电
300709.XSHE,JYKJ,精研科技
300710.XSHE,WLGD,万隆光电
300711.XSHE,GHTX,广哈通信
300712.XSHE,YFGF,永福股份
300713.XSHE,YKR,英可瑞
300715.XSHE,KLGF,凯伦股份
300716.XSHE,GLKJ,国立科技
300717.XSHE,HXXC,华信新材
300718.XSHE,CSZC,长盛轴承
300719.XSHE,ADWE,安达维尔
300720.XSHE,HCZN,海川智能
300721.XSHE,YDGF,怡达股份
300722.XSHE,XYGK,新余国科
300723.XSHE,YPH,一品红
300724.XSHE,JJWC,捷佳伟创
300725.XSHE,YSKJ,药石科技
300726.XSHE,HDDZ,宏达电子
300727.XSHE,RHCL,润禾材料
300729.XSHE,LGGF,乐歌股份
300730.XSHE,KCXX,科创信息
300731.XSHE,KCXY,科创新源
300732.XSHE,SYY,设研院
300733.XSHE,XLDL,西菱动力
300735.XSHE,GHKJ,光弘科技
300736.XSHE,BHYB,百邦科技
300737.XSHE,KSGF,科顺股份
300738.XSHE,AFSJ,奥飞数据
300739.XSHE,MYDL,明阳电路
300740.XSHE,YJH,御家汇
300741.XSHE,HBGF,华宝股份
300742.XSHE,YBDL,越博动力
300743.XSHE,TDSM,天地数码
300745.XSHE,XRKJ,欣锐科技
300746.XSHE,HJSJ,汉嘉设计
300747.XSHE,RKJG,锐科激光
300748.XSHE,JLYC,金力永磁
300749.XSHE,DGJC,顶固集创
300750.XSHE,NDSD,宁德时代
300751.XSHE,MWGF,迈为股份
300752.XSHE,LLKJ,隆利科技
300753.XSHE,APYL,爱朋医疗
300756.XSHE,ZSJM,中山金马
300757.XSHE,LBTK,罗博特科
300760.XSHE,MRYL,迈瑞医疗
600000.XSHG,PFYH,浦发银行
600004.XSHG,BYJC,白云机场
600006.XSHG,DFQC,东风汽车
600007.XSHG,ZGGM,中国国贸
600008.XSHG,SCGF,首创股份
600009.XSHG,SHJC,上海机场
600010.XSHG,BGGF,包钢股份
600011.XSHG,HNGJ,华能国际
600012.XSHG,WTGS,皖通高速
600015.XSHG,HXYH,华夏银行
600016.XSHG,MSYH,民生银行
600017.XSHG,RZG,日照港
600018.XSHG,SGJT,上港集团
600019.XSHG,BGGF,宝钢股份
600020.XSHG,ZYGS,中原高速
600021.XSHG,SHDL,上海电力
600022.XSHG,SDGT,山东钢铁
600023.XSHG,ZNDL,浙能电力
600025.XSHG,HNSD,华能水电
600026.XSHG,ZHFZ,中远海能
600027.XSHG,HDGJ,华电国际
600028.XSHG,ZGSH,中国石化
600029.XSHG,NFHK,南方航空
600030.XSHG,ZXZQ,中信证券
600031.XSHG,SYZG,三一重工
600033.XSHG,FJGS,福建高速
600035.XSHG,CTGS,楚天高速
600036.XSHG,ZSYH,招商银行
600037.XSHG,GHYX,歌华有线
600038.XSHG,ZZGF,中直股份
600039.XSHG,SCLQ,四川路桥
600048.XSHG,BLDC,保利地产
600050.XSHG,ZGLT,中国联通
600051.XSHG,NBLH,宁波联合
600052.XSHG,ZJGS,浙江广厦
600053.XSHG,JDTZ,九鼎投资
600054.XSHG,HSLY,黄山旅游
600055.XSHG,HRWD,万东医疗
600056.XSHG,ZGYY,中国医药
600057.XSHG,XYGF,厦门象屿
600058.XSHG,WKFZ,五矿发展
600059.XSHG,GYLS,古越龙山
600060.XSHG,HXDQ,海信电器
600061.XSHG,GTAX,国投资本
600062.XSHG,HRSH,华润双鹤
600063.XSHG,WWGX,皖维高新
600064.XSHG,NJGK,南京高科
600066.XSHG,YTKC,宇通客车
600067.XSHG,GCDT,冠城大通
600068.XSHG,GZB,葛洲坝
600069.XSHG,STYG,银鸽投资
600070.XSHG,ZJFR,浙江富润
600071.XSHG,STGX,凤凰光学
600072.XSHG,GGGC,中船科技
600073.XSHG,SHML,上海梅林
600074.XSHG,*STBQ,*ST保千
600075.XSHG,XJTY,新疆天业
600076.XSHG,KXXC,康欣新材
600077.XSHG,SDGF,宋都股份
600078.XSHG,CXGF,澄星股份
600079.XSHG,RFYY,人福医药
600080.XSHG,JHGF,金花股份
600081.XSHG,DFKJ,东风科技
600082.XSHG,HTFZ,海泰发展
600083.XSHG,BXGF,博信股份
600084.XSHG,*STZP,*ST中葡
600085.XSHG,TRT,同仁堂
600086.XSHG,DFJY,东方金钰
600088.XSHG,ZSCM,中视传媒
600089.XSHG,TBDG,特变电工
600090.XSHG,PJH,同济堂
600091.XSHG,STMK,ST明科
600093.XSHG,HJGF,易见股份
600094.XSHG,DMC,大名城
600095.XSHG,HGK,哈高科
600096.XSHG,YTH,云天化
600097.XSHG,KCGJ,开创国际
600098.XSHG,GZFZ,广州发展
600099.XSHG,LHGF,林海股份
600100.XSHG,TFGF,同方股份
600101.XSHG,MXDL,明星电力
600103.XSHG,QSZY,青山纸业
600104.XSHG,SQJT,上汽集团
600105.XSHG,YDGF,永鼎股份
600106.XSHG,ZQLQ,重庆路桥
600107.XSHG,MEY,美尔雅
600108.XSHG,YSJT,亚盛集团
600109.XSHG,GJZQ,国金证券
600110.XSHG,ZKYH,诺德股份
600111.XSHG,BFXT,北方稀土
600112.XSHG,STTC,ST天成
600113.XSHG,ZJDR,浙江东日
600114.XSHG,DMGF,东睦股份
600115.XSHG,DFHK,东方航空
600116.XSHG,SXSL,三峡水利
600117.XSHG,XNTG,西宁特钢
600118.XSHG,ZGWX,中国卫星
600119.XSHG,*STCT,*ST长投
600120.XSHG,ZJDF,浙江东方
600121.XSHG,ZZMD,郑州煤电
600122.XSHG,HTGK,宏图高科
600123.XSHG,LHKC,兰花科创
600125.XSHG,TLWL,铁龙物流
600126.XSHG,HGGF,杭钢股份
600127.XSHG,JJMY,金健米业
600128.XSHG,HYGF,弘业股份
600129.XSHG,TJJT,太极集团
600130.XSHG,BDGF,波导股份
600131.XSHG,MJSD,岷江水电
600132.XSHG,ZQPJ,重庆啤酒
600133.XSHG,DHGX,东湖高新
600135.XSHG,LKJP,乐凯胶片
600136.XSHG,DBGF,当代明诚
600137.XSHG,LSGF,浪莎股份
600138.XSHG,ZQL,中青旅
600139.XSHG,XBZY,西部资源
600141.XSHG,XFJT,兴发集团
600143.XSHG,JFKJ,金发科技
600145.XSHG,STXY,*ST新亿
600146.XSHG,SYHQ,商赢环球
600148.XSHG,ZCYD,长春一东
600149.XSHG,LFFZ,ST坊展
600150.XSHG,ZGCB,中国船舶
600151.XSHG,HTJD,航天机电
600152.XSHG,WKJS,维科技术
600153.XSHG,JFGF,建发股份
600155.XSHG,BSGF,华创阳安
600156.XSHG,HSGF,华升股份
600157.XSHG,YTNY,永泰能源
600158.XSHG,ZTCY,中体产业
600159.XSHG,DLDC,大龙地产
600160.XSHG,JHGF,巨化股份
600161.XSHG,TTSW,天坛生物
600162.XSHG,XJKG,香江控股
600163.XSHG,STMN,中闽能源
600165.XSHG,XRHL,新日恒力
600166.XSHG,FTQC,福田汽车
600167.XSHG,LMKG,联美控股
600168.XSHG,WHKG,武汉控股
600169.XSHG,TYZG,太原重工
600170.XSHG,SHJG,上海建工
600171.XSHG,SHBL,上海贝岭
600172.XSHG,HHXF,黄河旋风
600173.XSHG,WLDC,卧龙地产
600175.XSHG,MDNY,美都能源
600176.XSHG,ZGJS,中国巨石
600177.XSHG,YGE,雅戈尔
600178.XSHG,DADL,东安动力
600179.XSHG,HHGF,安通控股
600180.XSHG,RMT,瑞茂通
600182.XSHG,SJT,S佳通
600183.XSHG,SYKJ,生益科技
600184.XSHG,GDGF,光电股份
600185.XSHG,GLDC,格力地产
600186.XSHG,*STLH,*ST莲花
600187.XSHG,GZSW,国中水务
600188.XSHG,YZMY,兖州煤业
600189.XSHG,JLSG,吉林森工
600190.XSHG,JZG,锦州港
600191.XSHG,HZSY,华资实业
600192.XSHG,CCDG,长城电工
600193.XSHG,STCX,ST创兴
600195.XSHG,ZMGF,中牧股份
600196.XSHG,FXYY,复星医药
600197.XSHG,YLT,伊力特
600198.XSHG,DTDX,大唐电信
600199.XSHG,JZZJ,金种子酒
600200.XSHG,JSWZ,江苏吴中
600201.XSHG,SWGF,生物股份
600202.XSHG,HKD,哈空调
600203.XSHG,FRDZ,福日电子
600206.XSHG,YYXC,有研新材
600207.XSHG,ACGK,安彩高科
600208.XSHG,XHZB,新湖中宝
600209.XSHG,STLD,ST罗顿
600210.XSHG,ZJQY,紫江企业
600211.XSHG,XZYY,西藏药业
600212.XSHG,JQSY,江泉实业
600213.XSHG,YXKC,亚星客车
600215.XSHG,ZCJK,长春经开
600216.XSHG,ZJYY,浙江医药
600217.XSHG,STQL,中再资环
600218.XSHG,QCDL,全柴动力
600219.XSHG,NSLY,南山铝业
600220.XSHG,JSYG,江苏阳光
600221.XSHG,HNHK,海航控股
600222.XSHG,TLYY,太龙药业
600223.XSHG,LSZY,鲁商置业
600225.XSHG,TJSJ,天津松江
600226.XSHG,SHBK,瀚叶股份
600227.XSHG,CTH,圣济堂
600228.XSHG,CJSH,ST昌九
600229.XSHG,CSCM,城市传媒
600230.XSHG,CZDH,沧州大化
600231.XSHG,LGGF,凌钢股份
600232.XSHG,JYGF,金鹰股份
600233.XSHG,DYCS,圆通速递
600234.XSHG,*STSS,*ST山水
600235.XSHG,MFTZ,民丰特纸
600236.XSHG,GGDL,桂冠电力
600237.XSHG,TFDZ,铜峰电子
600238.XSHG,STYD,ST椰岛
600239.XSHG,YNCT,云南城投
600240.XSHG,*STHY,*ST华业
600241.XSHG,SDWH,时代万恒
600242.XSHG,STZC,中昌数据
600243.XSHG,QHHD,青海华鼎
600246.XSHG,WTDC,万通地产
600247.XSHG,STCC,ST成城
600248.XSHG,YZHJ,延长化建
600249.XSHG,LMZ,两面针
600250.XSHG,NFGF,南纺股份
600251.XSHG,GNGF,冠农股份
600252.XSHG,ZHJT,中恒集团
600255.XSHG,XKCL,梦舟股份
600256.XSHG,GHNY,广汇能源
600257.XSHG,DHGF,大湖股份
600258.XSHG,SLJD,首旅酒店
600259.XSHG,GSYS,广晟有色
600260.XSHG,KLKJ,凯乐科技
600261.XSHG,YGZM,阳光照明
600262.XSHG,BFGF,北方股份
600265.XSHG,STJG,ST景谷
600266.XSHG,BJCJ,北京城建
600267.XSHG,HZYY,海正药业
600268.XSHG,GDNZ,国电南自
600269.XSHG,GYGS,赣粤高速
600271.XSHG,HTXX,航天信息
600272.XSHG,KKSY,开开实业
600273.XSHG,JHNY,嘉化能源
600275.XSHG,WCY,ST昌鱼
600276.XSHG,HRYY,恒瑞医药
600277.XSHG,YLJN,亿利洁能
600278.XSHG,DFCY,东方创业
600279.XSHG,ZQGJ,重庆港九
600280.XSHG,ZYSC,中央商场
600281.XSHG,THGF,太化股份
600282.XSHG,NGGF,南钢股份
600283.XSHG,QJSL,钱江水利
600284.XSHG,PDJS,浦东建设
600285.XSHG,LRZY,羚锐制药
600287.XSHG,JSST,江苏舜天
600288.XSHG,DHKJ,大恒科技
600289.XSHG,YYXT,*ST信通
600290.XSHG,HYDQ,华仪电气
600291.XSHG,XSGF,西水股份
600292.XSHG,ZDYD,远达环保
600293.XSHG,SXXC,三峡新材
600295.XSHG,EEDS,鄂尔多斯
600297.XSHG,GHQC,广汇汽车
600298.XSHG,AQJM,安琪酵母
600299.XSHG,ADS,安迪苏
600300.XSHG,WWGF,维维股份
600301.XSHG,STNH,ST南化
600302.XSHG,BZGF,标准股份
600303.XSHG,SGGF,曙光股份
600305.XSHG,HSCY,恒顺醋业
600306.XSHG,SYC,商业城
600307.XSHG,JGHX,酒钢宏兴
600308.XSHG,HTGF,华泰股份
600309.XSHG,WHHX,万华化学
600310.XSHG,GDDL,桂东电力
600311.XSHG,STRH,荣华实业
600312.XSHG,PGDQ,平高电气
600313.XSHG,NFZY,农发种业
600315.XSHG,SHJH,上海家化
600316.XSHG,HDHK,洪都航空
600317.XSHG,YKG,营口港
600318.XSHG,CDGF,新力金融
600319.XSHG,YXHX,亚星化学
600320.XSHG,ZHZG,振华重工
600321.XSHG,STZY,ST正源
600322.XSHG,TFFZ,天房发展
600323.XSHG,HLHJ,瀚蓝环境
600325.XSHG,HFGF,华发股份
600326.XSHG,XZTL,西藏天路
600327.XSHG,DDF,大东方
600328.XSHG,LTSY,兰太实业
600329.XSHG,ZXYY,中新药业
600330.XSHG,TTGF,天通股份
600331.XSHG,HDGF,宏达股份
600332.XSHG,BYS,白云山
600333.XSHG,ZCRQ,长春燃气
600335.XSHG,GJQC,国机汽车
600336.XSHG,AKM,澳柯玛
600337.XSHG,MKJJ,美克家居
600338.XSHG,XZZF,西藏珠峰
600339.XSHG,TLGX,中油工程
600340.XSHG,HXXF,华夏幸福
600343.XSHG,HTDL,航天动力
600345.XSHG,CJTX,长江通信
600346.XSHG,DXS,恒力股份
600348.XSHG,YQMY,阳泉煤业
600350.XSHG,SDGS,山东高速
600351.XSHG,YBYY,亚宝药业
600352.XSHG,ZJLS,浙江龙盛
600353.XSHG,XGGF,旭光股份
600354.XSHG,DHZY,敦煌种业
600355.XSHG,JLDZ,精伦电子
600356.XSHG,HFZY,恒丰纸业
600358.XSHG,GLLH,国旅联合
600359.XSHG,XNKF,新农开发
600360.XSHG,HWDZ,华微电子
600361.XSHG,HLZC,华联综超
600362.XSHG,JXTY,江西铜业
600363.XSHG,LCGD,联创光电
600365.XSHG,TPGF,通葡股份
600366.XSHG,NBYS,宁波韵升
600367.XSHG,HXFZ,红星发展
600368.XSHG,WZJT,五洲交通
600369.XSHG,XNZQ,西南证券
600370.XSHG,SFX,三房巷
600371.XSHG,WXDN,万向德农
600372.XSHG,ZHDZ,中航电子
600373.XSHG,ZWCM,中文传媒
600375.XSHG,HLXM,华菱星马
600376.XSHG,SKGF,首开股份
600377.XSHG,NHGS,宁沪高速
600378.XSHG,TKGF,天科股份
600379.XSHG,BGGF,宝光股份
600380.XSHG,JKY,健康元
600381.XSHG,QHCT,青海春天
600382.XSHG,GDMZ,广东明珠
600383.XSHG,JDJT,金地集团
600385.XSHG,*STJT,*ST金泰
600386.XSHG,BBCM,北巴传媒
600387.XSHG,HYGF,海越能源
600388.XSHG,LJHB,龙净环保
600389.XSHG,JSGF,江山股份
600390.XSHG,JRKJ,五矿资本
600391.XSHG,CFKJ,航发科技
600392.XSHG,SHZY,盛和资源
600393.XSHG,DHSY,粤泰股份
600395.XSHG,PJGF,盘江股份
600396.XSHG,*STJS,*ST金山
600397.XSHG,AYMY,安源煤业
600398.XSHG,HLZJ,海澜之家
600399.XSHG,STFG,ST抚钢
600400.XSHG,HDGF,红豆股份
600401.XSHG,STHR,*ST海润
600403.XSHG,DYNY,大有能源
600405.XSHG,DLY,动力源
600406.XSHG,GDNR,国电南瑞
600408.XSHG,STAT,ST安泰
600409.XSHG,SYHG,三友化工
600410.XSHG,HSTC,华胜天成
600415.XSHG,XSPC,小商品城
600416.XSHG,XDGF,湘电股份
600418.XSHG,JHQC,江淮汽车
600419.XSHG,TRRY,天润乳业
600420.XSHG,XDZY,现代制药
600421.XSHG,*STYF,*ST仰帆
600422.XSHG,KYJT,昆药集团
600423.XSHG,LHGF,*ST柳化
600425.XSHG,QSJH,青松建化
600426.XSHG,HLHS,华鲁恒升
600428.XSHG,ZYHY,中远海特
600429.XSHG,SYGF,三元股份
600433.XSHG,GHGX,冠豪高新
600435.XSHG,BFDH,北方导航
600436.XSHG,PZH,片仔癀
600438.XSHG,TWGF,通威股份
600439.XSHG,RBK,瑞贝卡
600444.XSHG,STGT,国机通用
600446.XSHG,JZGF,金证股份
600448.XSHG,HFGF,华纺股份
600449.XSHG,NXJC,宁夏建材
600452.XSHG,FLDL,涪陵电力
600455.XSHG,BTGF,博通股份
600456.XSHG,BTGF,宝钛股份
600458.XSHG,SDXC,时代新材
600459.XSHG,GYBY,贵研铂业
600460.XSHG,SLW,士兰微
600461.XSHG,HCSY,洪城水业
600462.XSHG,*STJY,*ST九有
600463.XSHG,KGGF,空港股份
600466.XSHG,LGFZ,蓝光发展
600467.XSHG,HDJ,好当家
600468.XSHG,BLDQ,百利电气
600469.XSHG,FSGF,风神股份
600470.XSHG,LGHG,六国化工
600475.XSHG,HGGF,华光股份
600476.XSHG,XYKJ,湘邮科技
600477.XSHG,HXGG,杭萧钢构
600478.XSHG,KLY,科力远
600479.XSHG,QJYY,千金药业
600480.XSHG,LYGF,凌云股份
600481.XSHG,SLJN,双良节能
600482.XSHG,FFGF,中国动力
600483.XSHG,FNGF,福能股份
600485.XSHG,*STXW,*ST信威
600486.XSHG,YNHG,扬农化工
600487.XSHG,HTGD,亨通光电
600488.XSHG,TYGF,天药股份
600489.XSHG,ZJHJ,中金黄金
600490.XSHG,PXZY,鹏欣资源
600491.XSHG,LYJS,龙元建设
600493.XSHG,FZFZ,凤竹纺织
600495.XSHG,JXCZ,晋西车轴
600496.XSHG,JGGG,精工钢构
600497.XSHG,CHXZ,驰宏锌锗
600498.XSHG,FHTX,烽火通信
600499.XSHG,KDJN,科达洁能
600500.XSHG,ZHGJ,中化国际
600501.XSHG,HTCG,航天晨光
600502.XSHG,AHSL,安徽水利
600503.XSHG,HLJZ,华丽家族
600505.XSHG,XCDL,西昌电力
600506.XSHG,XLGF,香梨股份
600507.XSHG,FDTG,方大特钢
600508.XSHG,SHNY,上海能源
600509.XSHG,TFNY,天富能源
600510.XSHG,HMD,黑牡丹
600511.XSHG,GYGF,国药股份
600512.XSHG,TDJS,腾达建设
600513.XSHG,LHYY,联环药业
600515.XSHG,HHJC,海航基础
600516.XSHG,FDTS,方大炭素
600517.XSHG,ZXDQ,置信电气
600518.XSHG,STKM,ST康美
600519.XSHG,GZMT,贵州茅台
600520.XSHG,ZFKJ,文一科技
600521.XSHG,HHYY,华海药业
600522.XSHG,ZTKJ,中天科技
600523.XSHG,GHGF,贵航股份
600525.XSHG,ZYJT,长园集团
600526.XSHG,*STFD,*ST菲达
600527.XSHG,JNGX,江南高纤
600528.XSHG,ZTEJ,中铁工业
600529.XSHG,SDYB,山东药玻
600530.XSHG,JDAL,交大昂立
600531.XSHG,YGJQ,豫光金铅
600532.XSHG,HDKY,宏达矿业
600533.XSHG,QXJS,栖霞建设
600535.XSHG,TSL,天士力
600536.XSHG,ZGRJ,中国软件
600537.XSHG,YJGD,亿晶光电
600538.XSHG,GFGF,国发股份
600539.XSHG,STST,ST狮头
600540.XSHG,XSGF,新赛股份
600543.XSHG,MGGF,莫高股份
600545.XSHG,XJCJ,卓郎智能
600546.XSHG,SMGJ,山煤国际
600547.XSHG,SDHJ,山东黄金
600548.XSHG,SGS,深高速
600549.XSHG,SMWY,厦门钨业
600550.XSHG,BBDQ,保变电气
600551.XSHG,SDCB,时代出版
600552.XSHG,FXKJ,凯盛科技
600555.XSHG,JLS,海航创新
600556.XSHG,HQKJ,ST慧球
600557.XSHG,KYYY,康缘药业
600558.XSHG,DXY,大西洋
600559.XSHG,LBGJ,老白干酒
600560.XSHG,JZTZ,金自天正
600561.XSHG,JXZY,江西长运
600562.XSHG,GRKJ,国睿科技
600563.XSHG,FLDZ,法拉电子
600565.XSHG,DMGF,迪马股份
600566.XSHG,JCYY,济川药业
600567.XSHG,SYZY,山鹰纸业
600568.XSHG,ZZKG,中珠医疗
600569.XSHG,AYGT,安阳钢铁
600570.XSHG,HSDZ,恒生电子
600571.XSHG,XYD,信雅达
600572.XSHG,KEB,康恩贝
600573.XSHG,HQPJ,惠泉啤酒
600575.XSHG,WJWL,皖江物流
600576.XSHG,WJWH,祥源文化
600577.XSHG,JDGF,精达股份
600578.XSHG,JNDL,京能电力
600579.XSHG,THY,天华院
600580.XSHG,WLDQ,卧龙电驱
600581.XSHG,BYGT,八一钢铁
600582.XSHG,TDKJ,天地科技
600583.XSHG,HYGC,海油工程
600584.XSHG,ZDKJ,长电科技
600585.XSHG,HLSN,海螺水泥
600586.XSHG,JJKJ,金晶科技
600587.XSHG,XHYL,新华医疗
600588.XSHG,YYWL,用友网络
600589.XSHG,GDRT,广东榕泰
600590.XSHG,THKJ,泰豪科技
600592.XSHG,LXGF,龙溪股份
600593.XSHG,DLSY,大连圣亚
600594.XSHG,YBZY,益佰制药
600595.XSHG,*STZF,*ST中孚
600596.XSHG,XAGF,新安股份
600597.XSHG,GMRY,光明乳业
600598.XSHG,BDH,北大荒
600599.XSHG,XMJK,熊猫金控
600600.XSHG,QDPJ,青岛啤酒
600601.XSHG,FZKJ,方正科技
600602.XSHG,YDDZ,云赛智联
600603.XSHG,STXY,广汇物流
600604.XSHG,SBGX,市北高新
600605.XSHG,HTNY,汇通能源
600606.XSHG,LDKG,绿地控股
600608.XSHG,STHK,ST沪科
600609.XSHG,JBQC,金杯汽车
600610.XSHG,ZYD,*ST毅达
600611.XSHG,DZJT,大众交通
600612.XSHG,LFX,老凤祥
600613.XSHG,SQZY,神奇制药
600614.XSHG,*STPQ,*ST鹏起
600615.XSHG,STFH,ST丰华
600616.XSHG,JFJY,金枫酒业
600617.XSHG,GXNY,国新能源
600618.XSHG,LJHG,氯碱化工
600619.XSHG,HLGF,海立股份
600620.XSHG,TCGF,天宸股份
600621.XSHG,HXGF,华鑫股份
600622.XSHG,JBJT,光大嘉宝
600623.XSHG,SQGF,华谊集团
600624.XSHG,FDFH,复旦复华
600626.XSHG,SDGF,申达股份
600628.XSHG,XSJ,新世界
600629.XSHG,HJJT,华建集团
600630.XSHG,LTGF,龙头股份
600633.XSHG,ZBCM,浙数文化
600634.XSHG,ZJKG,*ST富控
600635.XSHG,DZGY,大众公用
600636.XSHG,SAF,三爱富
600637.XSHG,DFMZ,东方明珠
600638.XSHG,XHP,新黄浦
600639.XSHG,PDJQ,浦东金桥
600640.XSHG,HBKG,号百控股
600641.XSHG,WYQY,万业企业
600642.XSHG,SNGF,申能股份
600643.XSHG,AJJT,爱建集团
600644.XSHG,STLD,乐山电力
600645.XSHG,ZYXH,中源协和
600647.XSHG,TDCY,同达创业
600648.XSHG,WGQ,外高桥
600649.XSHG,CTKG,城投控股
600650.XSHG,JJTZ,锦江投资
600651.XSHG,FLYX,飞乐音响
600652.XSHG,*STYJ,*ST游久
600653.XSHG,SHKG,申华控股
600654.XSHG,*STZA,*ST中安
600655.XSHG,YYSC,豫园股份
600657.XSHG,XDDC,信达地产
600658.XSHG,DZC,电子城
600660.XSHG,FYBL,福耀玻璃
600661.XSHG,ALJY,昂立教育
600662.XSHG,QSKG,强生控股
600663.XSHG,LJZ,陆家嘴
600664.XSHG,HYGF,哈药股份
600665.XSHG,TDY,天地源
600666.XSHG,*STRD,*ST瑞德
600667.XSHG,TJSY,太极实业
600668.XSHG,JFJT,尖峰集团
600671.XSHG,TMYY,天目药业
600673.XSHG,DYG,东阳光
600674.XSHG,CTNY,川投能源
600675.XSHG,ZHQY,中华企业
600676.XSHG,JYGF,交运股份
600677.XSHG,HTTX,航天通信
600678.XSHG,SCJD,四川金顶
600679.XSHG,SHFH,上海凤凰
600680.XSHG,SHPT,*ST上普
600681.XSHG,WHJT,百川能源
600682.XSHG,NJXB,南京新百
600683.XSHG,JTYT,京投发展
600684.XSHG,ZJSY,珠江实业
600685.XSHG,ZCFW,中船防务
600686.XSHG,JLQC,金龙汽车
600687.XSHG,*STGT,*ST刚泰
600688.XSHG,SHSH,上海石化
600689.XSHG,SHSM,上海三毛
600690.XSHG,QDHE,青岛海尔
600691.XSHG,STYH,阳煤化工
600692.XSHG,YTGF,亚通股份
600693.XSHG,DBJT,东百集团
600694.XSHG,DSGF,大商股份
600695.XSHG,LTTZ,绿庭投资
600696.XSHG,STYS,ST岩石
600697.XSHG,OYJT,欧亚集团
600698.XSHG,*STTY,*ST天雁
600699.XSHG,JSDZ,均胜电子
600701.XSHG,GDGX,*ST工新
600702.XSHG,TPSD,舍得酒业
600703.XSHG,SAGD,三安光电
600704.XSHG,WCZD,物产中大
600705.XSHG,ZHZB,中航资本
600706.XSHG,QJWL,曲江文旅
600707.XSHG,CHGF,彩虹股份
600708.XSHG,GMDC,光明地产
600710.XSHG,STCL,苏美达
600711.XSHG,STKY,盛屯矿业
600712.XSHG,NNBH,南宁百货
600713.XSHG,NJYY,南京医药
600714.XSHG,JRKY,金瑞矿业
600715.XSHG,STSL,文投控股
600716.XSHG,FHGF,凤凰股份
600717.XSHG,TJG,天津港
600718.XSHG,DRJT,东软集团
600719.XSHG,DLRD,大连热电
600720.XSHG,QLS,祁连山
600721.XSHG,*STBH,*ST百花
600722.XSHG,JNHG,金牛化工
600723.XSHG,SSGF,首商股份
600724.XSHG,NBFD,宁波富达
600725.XSHG,YWGF,ST云维
600726.XSHG,*STHY,*ST华源
600727.XSHG,LBHG,鲁北化工
600728.XSHG,JDKJ,佳都科技
600729.XSHG,ZQBH,重庆百货
600730.XSHG,ZGGK,中国高科
600731.XSHG,HNHL,湖南海利
600732.XSHG,STXM,ST新梅
600733.XSHG,BQLG,北汽蓝谷
600734.XSHG,SDJT,实达集团
600735.XSHG,XHJ,新华锦
600736.XSHG,SZGX,苏州高新
600737.XSHG,ZLTH,中粮糖业
600738.XSHG,LZMB,兰州民百
600739.XSHG,LNCD,辽宁成大
600740.XSHG,SXJH,山西焦化
600741.XSHG,HYQC,华域汽车
600742.XSHG,YQFW,一汽富维
600743.XSHG,HYDC,华远地产
600744.XSHG,HYDL,华银电力
600745.XSHG,ZYGF,闻泰科技
600746.XSHG,JSSP,江苏索普
600747.XSHG,*STDK,*ST大控
600748.XSHG,SSFZ,上实发展
600749.XSHG,XCLY,西藏旅游
600750.XSHG,JZYY,江中药业
600751.XSHG,THTZ,海航科技
600753.XSHG,DFYX,东方银星
600754.XSHG,JJGF,锦江股份
600755.XSHG,SMGM,厦门国贸
600756.XSHG,LCRJ,浪潮软件
600757.XSHG,CJCM,长江传媒
600758.XSHG,HYNY,红阳能源
600759.XSHG,ZJYQ,洲际油气
600760.XSHG,ZHHB,中航沈飞
600761.XSHG,AHHL,安徽合力
600763.XSHG,TCYL,通策医疗
600764.XSHG,ZDGT,中国海防
600765.XSHG,ZHZJ,中航重机
600766.XSHG,YCHJ,园城黄金
600767.XSHG,YSYL,ST运盛
600768.XSHG,NBFB,宁波富邦
600769.XSHG,XLDY,祥龙电业
600770.XSHG,ZYGF,综艺股份
600771.XSHG,GYY,广誉远
600773.XSHG,XZCT,西藏城投
600774.XSHG,HSJT,汉商集团
600775.XSHG,NJXM,南京熊猫
600776.XSHG,DFTX,东方通信
600777.XSHG,XCSY,新潮能源
600778.XSHG,YHJT,友好集团
600779.XSHG,STSJ,水井坊
600780.XSHG,TBNY,通宝能源
600781.XSHG,FRYY,辅仁药业
600782.XSHG,XGGF,新钢股份
600783.XSHG,LXCT,鲁信创投
600784.XSHG,LYTZ,鲁银投资
600785.XSHG,XHBH,新华百货
600787.XSHG,ZCGF,中储股份
600789.XSHG,LKYY,鲁抗医药
600790.XSHG,QFC,轻纺城
600791.XSHG,JNZY,京能置业
600792.XSHG,YMNY,云煤能源
600793.XSHG,STYZ,宜宾纸业
600794.XSHG,BSKJ,保税科技
600795.XSHG,GDDL,国电电力
600796.XSHG,QJSH,钱江生化
600797.XSHG,ZDWX,浙大网新
600798.XSHG,NBHY,宁波海运
600800.XSHG,TJCK,天津磁卡
600801.XSHG,HXSN,华新水泥
600802.XSHG,FJSN,福建水泥
600803.XSHG,XAGF,新奥股份
600804.XSHG,PBS,鹏博士
600805.XSHG,YDTZ,悦达投资
600807.XSHG,STTY,ST天业
600808.XSHG,MGGF,马钢股份
600809.XSHG,SXFJ,山西汾酒
600810.XSHG,SMGF,神马股份
600811.XSHG,DFJT,东方集团
600812.XSHG,HBZY,华北制药
600814.XSHG,HZJB,杭州解百
600815.XSHG,*STSG,*ST厦工
600816.XSHG,AXXT,安信信托
600817.XSHG,STHS,ST宏盛
600818.XSHG,ZLGF,中路股份
600819.XSHG,YPBL,耀皮玻璃
600820.XSHG,SDGF,隧道股份
600821.XSHG,JQY,津劝业
600822.XSHG,SHWM,上海物贸
600823.XSHG,SMGF,世茂股份
600824.XSHG,YMJT,益民集团
600825.XSHG,XHCM,新华传媒
600826.XSHG,LSGF,兰生股份
600827.XSHG,BLGF,百联股份
600828.XSHG,CSJT,茂业商业
600829.XSHG,RMTT,人民同泰
600830.XSHG,XYRT,香溢融通
600831.XSHG,GDWL,广电网络
600833.XSHG,DYYY,第一医药
600834.XSHG,STDT,申通地铁
600835.XSHG,SHJD,上海机电
600836.XSHG,JLSY,界龙实业
600837.XSHG,HTZQ,海通证券
600838.XSHG,SHJB,上海九百
600839.XSHG,SCZH,四川长虹
600841.XSHG,SCGF,上柴股份
600843.XSHG,SGSB,上工申贝
600844.XSHG,DHKJ,丹化科技
600845.XSHG,BXRJ,宝信软件
600846.XSHG,TJKJ,同济科技
600847.XSHG,WLGF,万里股份
600848.XSHG,SHLG,上海临港
600850.XSHG,HDDN,华东电脑
600851.XSHG,HXGF,海欣股份
600853.XSHG,LJGF,龙建股份
600854.XSHG,CLGF,春兰股份
600855.XSHG,HTZF,航天长峰
600856.XSHG,ZTNY,中天能源
600857.XSHG,NBZB,宁波中百
600858.XSHG,YZGF,银座股份
600859.XSHG,WFJ,王府井
600860.XSHG,JCGF,京城股份
600861.XSHG,BJCX,北京城乡
600862.XSHG,NTKJ,中航高科
600863.XSHG,NMHD,内蒙华电
600864.XSHG,HTGF,哈投股份
600865.XSHG,BDJT,百大集团
600866.XSHG,XHKJ,星湖科技
600867.XSHG,THDB,通化东宝
600868.XSHG,MYJX,梅雁吉祥
600869.XSHG,ZHNY,智慧能源
600870.XSHG,STSH,ST厦华
600871.XSHG,SHYF,石化油服
600872.XSHG,ZJGX,中炬高新
600873.XSHG,MHSW,梅花生物
600874.XSHG,CYHB,创业环保
600875.XSHG,DFDQ,东方电气
600876.XSHG,LYBL,洛阳玻璃
600877.XSHG,*STJL,*ST嘉陵
600879.XSHG,HTDZ,航天电子
600880.XSHG,BRCB,博瑞传播
600881.XSHG,YTJT,亚泰集团
600882.XSHG,MKLD,妙可蓝多
600883.XSHG,BWKJ,博闻科技
600884.XSHG,SSGF,杉杉股份
600885.XSHG,HFGF,宏发股份
600886.XSHG,GTDL,国投电力
600887.XSHG,YLGF,伊利股份
600888.XSHG,XJZH,新疆众和
600889.XSHG,NJHX,南京化纤
600890.XSHG,ZFGF,中房股份
600891.XSHG,*STQL,*ST秋林
600892.XSHG,BCGF,大晟文化
600893.XSHG,ZHDL,航发动力
600894.XSHG,GRGF,广日股份
600895.XSHG,ZJGK,张江高科
600896.XSHG,LHTZ,览海投资
600897.XSHG,SMKG,厦门空港
600898.XSHG,SLSS,国美通讯
600900.XSHG,CJDL,长江电力
600901.XSHG,JSZL,江苏租赁
600903.XSHG,GZRQ,贵州燃气
600908.XSHG,WXYH,无锡银行
600909.XSHG,HAZQ,华安证券
600917.XSHG,ZQRQ,重庆燃气
600919.XSHG,JSYH,江苏银行
600926.XSHG,HZYH,杭州银行
600929.XSHG,HNYY,湖南盐业
600933.XSHG,AKD,爱柯迪
600936.XSHG,GXGD,广西广电
600939.XSHG,CQJG,重庆建工
600958.XSHG,DFZQ,东方证券
600959.XSHG,JSYX,江苏有线
600960.XSHG,BHHS,渤海汽车
600961.XSHG,ZYJT,株冶集团
600962.XSHG,STZL,国投中鲁
600963.XSHG,YYLZ,岳阳林纸
600965.XSHG,FCWF,福成股份
600966.XSHG,BHZY,博汇纸业
600967.XSHG,BFCY,内蒙一机
600969.XSHG,CDGJ,郴电国际
600970.XSHG,ZCGJ,中材国际
600971.XSHG,HYMD,恒源煤电
600973.XSHG,BSGF,宝胜股份
600975.XSHG,XWF,新五丰
600976.XSHG,JMJT,健民集团
600977.XSHG,ZGDY,中国电影
600978.XSHG,YHMY,宜华生活
600979.XSHG,GAAZ,广安爱众
600980.XSHG,BKCC,北矿科技
600981.XSHG,HHJT,汇鸿集团
600982.XSHG,NBRD,宁波热电
600983.XSHG,HEP,惠而浦
600984.XSHG,STJJ,建设机械
600985.XSHG,HBKY,淮北矿业
600986.XSHG,KDGF,科达股份
600987.XSHG,HMGF,航民股份
600988.XSHG,CFHJ,赤峰黄金
600990.XSHG,SCDZ,四创电子
600992.XSHG,GSGF,贵绳股份
600993.XSHG,MYL,马应龙
600995.XSHG,WSDL,文山电力
600996.XSHG,GGWL,贵广网络
600997.XSHG,KLGF,开滦股份
600998.XSHG,JZT,九州通
600999.XSHG,ZSZQ,招商证券
601000.XSHG,TSG,唐山港
601001.XSHG,DTMY,大同煤业
601002.XSHG,JYSY,晋亿实业
601003.XSHG,LGGF,柳钢股份
601005.XSHG,ZQGT,重庆钢铁
601006.XSHG,DQTL,大秦铁路
601007.XSHG,JLFD,金陵饭店
601008.XSHG,LYG,连云港
601009.XSHG,NJYH,南京银行
601010.XSHG,WFGF,文峰股份
601011.XSHG,BTL,宝泰隆
601012.XSHG,LJGF,隆基股份
601015.XSHG,SXHM,陕西黑猫
601016.XSHG,JNFD,节能风电
601018.XSHG,NBG,宁波港
601019.XSHG,SDCB,山东出版
601020.XSHG,HYKY,华钰矿业
601021.XSHG,CQHK,春秋航空
601028.XSHG,YLGF,玉龙股份
601038.XSHG,YTGF,一拖股份
601058.XSHG,SLLT,赛轮轮胎
601066.XSHG,ZXJT,中信建投
601068.XSHG,ZLGJ,中铝国际
601069.XSHG,XBHJ,西部黄金
601086.XSHG,GFJT,国芳集团
601088.XSHG,ZGSH,中国神华
601098.XSHG,ZNCM,中南传媒
601099.XSHG,TPY,太平洋
601100.XSHG,HLYY,恒立液压
601101.XSHG,HHNY,昊华能源
601106.XSHG,ZGYZ,中国一重
601107.XSHG,SCCY,四川成渝
601108.XSHG,CTZQ,财通证券
601111.XSHG,ZGGH,中国国航
601113.XSHG,HDGF,华鼎股份
601116.XSHG,SJGW,三江购物
601117.XSHG,ZGHX,中国化学
601118.XSHG,HNXJ,海南橡胶
601126.XSHG,SFGF,四方股份
601127.XSHG,XKGF,小康股份
601128.XSHG,CSYH,常熟银行
601137.XSHG,BWHJ,博威合金
601138.XSHG,GYFL,工业富联
601139.XSHG,SZRQ,深圳燃气
601155.XSHG,XCKG,新城控股
601158.XSHG,ZQSW,重庆水务
601162.XSHG,TFZQ,天风证券
601163.XSHG,SJLT,三角轮胎
601166.XSHG,XYYH,兴业银行
601168.XSHG,XBKY,西部矿业
601169.XSHG,BJYH,北京银行
601177.XSHG,HCQJ,杭齿前进
601179.XSHG,ZGXD,中国西电
601186.XSHG,ZGTJ,中国铁建
601188.XSHG,LJJT,龙江交通
601198.XSHG,DXZQ,东兴证券
601199.XSHG,JNSW,江南水务
601200.XSHG,SHHJ,上海环境
601208.XSHG,DCKJ,东材科技
601211.XSHG,GTJA,国泰君安
601212.XSHG,BYYS,白银有色
601216.XSHG,JZJT,君正集团
601218.XSHG,JXKJ,吉鑫科技
601222.XSHG,LYNY,林洋能源
601225.XSHG,SXMY,陕西煤业
601226.XSHG,HDZG,华电重工
601228.XSHG,GZG,广州港
601229.XSHG,SHYH,上海银行
601231.XSHG,HXDZ,环旭电子
601233.XSHG,TKGF,桐昆股份
601238.XSHG,GQJT,广汽集团
601258.XSHG,PDJT,庞大集团
601288.XSHG,NYYH,农业银行
601311.XSHG,LTGF,骆驼股份
601318.XSHG,ZGPA,中国平安
601319.XSHG,ZGRB,中国人保
601326.XSHG,QGGF,秦港股份
601328.XSHG,JTYH,交通银行
601330.XSHG,LSDL,绿色动力
601333.XSHG,GSTL,广深铁路
601336.XSHG,XHBX,新华保险
601339.XSHG,BLDF,百隆东方
601360.XSHG,SLL,三六零
601366.XSHG,LQGF,利群股份
601368.XSHG,LCSW,绿城水务
601369.XSHG,SGDL,陕鼓动力
601375.XSHG,ZYZQ,中原证券
601377.XSHG,XYZQ,兴业证券
601388.XSHG,YQZY,怡球资源
601390.XSHG,ZGZT,中国中铁
601398.XSHG,GSYH,工商银行
601500.XSHG,TYGF,通用股份
601515.XSHG,DFGF,东风股份
601518.XSHG,JLGS,吉林高速
601519.XSHG,DZH,大智慧
601555.XSHG,DWZQ,东吴证券
601558.XSHG,HRFD,ST锐电
601566.XSHG,JMW,九牧王
601567.XSHG,SXYL,三星医疗
601577.XSHG,CSYX,长沙银行
601579.XSHG,HJS,会稽山
601588.XSHG,BCSY,北辰实业
601595.XSHG,SHDY,上海电影
601599.XSHG,LGKJ,鹿港文化
601600.XSHG,ZGLY,中国铝业
601601.XSHG,ZGTB,中国太保
601606.XSHG,CCJG,长城军工
601607.XSHG,SHYY,上海医药
601608.XSHG,ZXZG,中信重工
601611.XSHG,ZGHJ,中国核建
601616.XSHG,GDDQ,广电电气
601618.XSHG,ZGZY,中国中冶
601619.XSHG,JZXN,嘉泽新能
601628.XSHG,ZGRS,中国人寿
601633.XSHG,CCQC,长城汽车
601636.XSHG,QBJT,旗滨集团
601666.XSHG,PMGF,平煤股份
601668.XSHG,ZGJZ,中国建筑
601669.XSHG,ZGDJ,中国电建
601677.XSHG,MTLY,明泰铝业
601678.XSHG,BHGF,滨化股份
601688.XSHG,HTZQ,华泰证券
601689.XSHG,TPJT,拓普集团
601699.XSHG,LAHN,潞安环能
601700.XSHG,FFGF,风范股份
601717.XSHG,ZMJ,郑煤机
601718.XSHG,JHJT,际华集团
601727.XSHG,SHDQ,上海电气
601766.XSHG,ZGZC,中国中车
601777.XSHG,LFGF,力帆股份
601788.XSHG,GDZQ,光大证券
601789.XSHG,NBJG,宁波建工
601798.XSHG,STLK,ST蓝科
601799.XSHG,XYGF,星宇股份
601800.XSHG,ZGJJ,中国交建
601801.XSHG,WXCM,皖新传媒
601808.XSHG,ZHYF,中海油服
601811.XSHG,XHWX,新华文轩
601818.XSHG,GDYH,光大银行
601828.XSHG,MKL,美凯龙
601838.XSHG,CDYX,成都银行
601857.XSHG,ZGSY,中国石油
601858.XSHG,ZGKC,中国科传
601860.XSHG,ZJYX,紫金银行
601866.XSHG,ZHJY,中远海发
601869.XSHG,CFGX,长飞光纤
601872.XSHG,ZSLC,招商轮船
601877.XSHG,ZTDQ,正泰电器
601878.XSHG,ZSZQ,浙商证券
601880.XSHG,DLG,大连港
601881.XSHG,ZGYH,中国银河
601882.XSHG,HTJG,海天精工
601886.XSHG,JHCJ,江河集团
601888.XSHG,ZGGL,中国国旅
601890.XSHG,YXML,亚星锚链
601898.XSHG,ZMNY,中煤能源
601899.XSHG,ZJKY,紫金矿业
601900.XSHG,NFCM,南方传媒
601901.XSHG,FZZQ,方正证券
601908.XSHG,JYT,京运通
601918.XSHG,GTXJ,新集能源
601919.XSHG,ZGYY,中远海控
601928.XSHG,FHCM,凤凰传媒
601929.XSHG,JSCM,吉视传媒
601933.XSHG,YHCS,永辉超市
601939.XSHG,JSYH,建设银行
601949.XSHG,ZGCB,中国出版
601952.XSHG,SKNF,苏垦农发
601958.XSHG,JMGF,金钼股份
601965.XSHG,ZGQY,中国汽研
601966.XSHG,LLLT,玲珑轮胎
601968.XSHG,BGBZ,宝钢包装
601969.XSHG,HNKY,海南矿业
601975.XSHG,ZSNY,招商南油
601985.XSHG,ZGHD,中国核电
601988.XSHG,ZGYH,中国银行
601989.XSHG,ZGZG,中国重工
601990.XSHG,NJZQ,南京证券
601991.XSHG,DTFD,大唐发电
601992.XSHG,JYGF,金隅集团
601996.XSHG,FLJT,丰林集团
601997.XSHG,GYYH,贵阳银行
601998.XSHG,ZXYH,中信银行
601999.XSHG,CBCM,出版传媒
603000.XSHG,RMW,人民网
603001.XSHG,AKGJ,奥康国际
603002.XSHG,HCDZ,宏昌电子
603003.XSHG,LYRY,龙宇燃油
603005.XSHG,JFKJ,晶方科技
603006.XSHG,LMGF,联明股份
603007.XSHG,HWGF,花王股份
603008.XSHG,XLM,喜临门
603009.XSHG,BTKJ,北特科技
603010.XSHG,WSGF,万盛股份
603011.XSHG,HDGF,合锻智能
603012.XSHG,CLJT,创力集团
603013.XSHG,YPGF,亚普股份
603015.XSHG,HXKJ,弘讯科技
603016.XSHG,XHT,新宏泰
603017.XSHG,ZHSJ,中衡设计
603018.XSHG,SJGF,中设集团
603019.XSHG,ZKSG,中科曙光
603020.XSHG,APGF,爱普股份
603021.XSHG,SDHP,山东华鹏
603022.XSHG,XTL,新通联
603023.XSHG,WDGF,威帝股份
603025.XSHG,DHKJ,大豪科技
603026.XSHG,SDSH,石大胜华
603027.XSHG,QHWY,千禾味业
603028.XSHG,SFT,赛福天
603029.XSHG,TEGF,天鹅股份
603030.XSHG,QZGF,全筑股份
603031.XSHG,ADL,安德利
603032.XSHG,DXJY,德新交运
603033.XSHG,SWGF,三维股份
603035.XSHG,CSQP,常熟汽饰
603036.XSHG,RTGF,如通股份
603037.XSHG,KZGF,凯众股份
603038.XSHG,HLGF,华立股份
603039.XSHG,FWWL,泛微网络
603040.XSHG,XZB,新坐标
603041.XSHG,MSD,美思德
603042.XSHG,HMKJ,华脉科技
603043.XSHG,GZJJ,广州酒家
603045.XSHG,FDHJ,福达合金
603050.XSHG,KLDQ,科林电气
603055.XSHG,THXC,台华新材
603056.XSHG,DBGF,德邦股份
603058.XSHG,YJGF,永吉股份
603059.XSHG,BJJ,倍加洁
603060.XSHG,GJJT,国检集团
603063.XSHG,HWDQ,禾望电气
603066.XSHG,YFCC,音飞储存
603067.XSHG,ZHGF,振华股份
603069.XSHG,HQJT,海汽集团
603076.XSHG,LHGJ,乐惠国际
603077.XSHG,HBSW,和邦生物
603078.XSHG,JHW,江化微
603079.XSHG,SDSW,圣达生物
603080.XSHG,XJHJ,新疆火炬
603081.XSHG,DFSY,大丰实业
603083.XSHG,JQKJ,剑桥科技
603085.XSHG,TCZK,天成自控
603086.XSHG,XDGF,先达股份
603088.XSHG,NBJD,宁波精达
603089.XSHG,ZYGY,正裕工业
603090.XSHG,HSGF,宏盛股份
603096.XSHG,XJD,新经典
603098.XSHG,STGF,森特股份
603099.XSHG,ZBS,长白山
603100.XSHG,CYGF,川仪股份
603101.XSHG,HJSD,汇嘉时代
603103.XSHG,HDYS,横店影视
603105.XSHG,XNKJ,芯能科技
603106.XSHG,HYJR,恒银金融
603108.XSHG,RDYL,润达医疗
603110.XSHG,DFCL,东方材料
603111.XSHG,KNJD,康尼机电
603113.XSHG,JNKJ,金能科技
603116.XSHG,HQT,红蜻蜓
603117.XSHG,WLWL,万林物流
603118.XSHG,GJGF,共进股份
603121.XSHG,HPDL,华培动力
603123.XSHG,CWGF,翠微股份
603126.XSHG,ZCJN,中材节能
603127.XSHG,ZYXY,昭衍新药
603128.XSHG,HMWL,华贸物流
603129.XSHG,CFDL,春风动力
603131.XSHG,SHHG,上海沪工
603133.XSHG,TYKJ,碳元科技
603136.XSHG,TMH,天目湖
603138.XSHG,HLSJ,海量数据
603139.XSHG,KHZY,康惠制药
603156.XSHG,YYYP,养元饮品
603157.XSHG,LXBE,拉夏贝尔
603158.XSHG,TLGF,腾龙股份
603159.XSHG,SHYH,上海亚虹
603160.XSHG,HDKJ,汇顶科技
603161.XSHG,KHKG,科华控股
603165.XSHG,RSHB,荣晟环保
603166.XSHG,FDGF,福达股份
603167.XSHG,BHLD,渤海轮渡
603168.XSHG,SPAS,莎普爱思
603169.XSHG,LSZZ,兰石重装
603177.XSHG,DCHB,德创环保
603178.XSHG,SLGF,圣龙股份
603179.XSHG,XQGF,新泉股份
603180.XSHG,JPCG,金牌厨柜
603181.XSHG,HMKJ,皇马科技
603183.XSHG,JYY,建研院
603185.XSHG,SJSK,上机数控
603186.XSHG,HZXC,华正新材
603187.XSHG,HRLL,海容冷链
603188.XSHG,YBGF,亚邦股份
603189.XSHG,WDRJ,网达软件
603192.XSHG,HDKJ,汇得科技
603196.XSHG,RBSS,日播时尚
603197.XSHG,BLKJ,保隆科技
603198.XSHG,YJGJ,迎驾贡酒
603199.XSHG,JHLY,九华旅游
603200.XSHG,SHXB,上海洗霸
603203.XSHG,KKGF,快克股份
603208.XSHG,JSOP,江山欧派
603214.XSHG,AYS,爱婴室
603218.XSHG,RYGF,日月股份
603220.XSHG,BTX,贝通信
603222.XSHG,JMZY,济民制药
603223.XSHG,HTGF,恒通股份
603225.XSHG,XFM,新凤鸣
603226.XSHG,FLGE,菲林格尔
603227.XSHG,XFKJ,雪峰科技
603228.XSHG,JWDZ,景旺电子
603229.XSHG,AXYY,奥翔药业
603232.XSHG,GERJ,格尔软件
603233.XSHG,DCL,大参林
603238.XSHG,NBGF,诺邦股份
603239.XSHG,ZJXT,浙江仙通
603258.XSHG,DHWL,电魂网络
603259.XSHG,YMKD,药明康德
603260.XSHG,HSGY,合盛硅业
603266.XSHG,TLGF,天龙股份
603268.XSHG,SFGF,松发股份
603269.XSHG,HOGF,海鸥股份
603277.XSHG,YDGF,银都股份
603278.XSHG,DYGF,大业股份
603283.XSHG,STGF,赛腾股份
603286.XSHG,RYDZ,日盈电子
603288.XSHG,HTWY,海天味业
603289.XSHG,TRJQ,泰瑞机器
603297.XSHG,YXGX,永新光学
603298.XSHG,HCJT,杭叉集团
603299.XSHG,SYJS,苏盐井神
603300.XSHG,HTKJ,华铁科技
603301.XSHG,ZDYL,振德医疗
603303.XSHG,DBZM,得邦照明
603305.XSHG,XSGF,旭升股份
603306.XSHG,HMKJ,华懋科技
603308.XSHG,YLGF,应流股份
603309.XSHG,WLYL,维力医疗
603311.XSHG,JHHJ,金海环境
603313.XSHG,HKJJ,梦百合
603315.XSHG,FAGF,福鞍股份
603316.XSHG,CBGF,诚邦股份
603318.XSHG,PSGF,派思股份
603319.XSHG,XYB,湘油泵
603320.XSHG,DBDQ,迪贝电气
603321.XSHG,MLDT,梅轮电梯
603322.XSHG,CXTX,超讯通信
603323.XSHG,SNYX,苏农银行
603326.XSHG,WLJJ,我乐家居
603328.XSHG,YDDZ,依顿电子
603329.XSHG,SHYS,上海雅仕
603330.XSHG,SHTY,上海天洋
603331.XSHG,BDJG,百达精工
603333.XSHG,SWGF,尚纬股份
603335.XSHG,DSL,迪生力
603336.XSHG,HHGS,宏辉果蔬
603337.XSHG,JKGF,杰克股份
603338.XSHG,ZJDL,浙江鼎力
603339.XSHG,SFLL,四方科技
603345.XSHG,AJSP,安井食品
603348.XSHG,WCGF,文灿股份
603355.XSHG,LKDQ,莱克电气
603356.XSHG,HLJG,华菱精工
603357.XSHG,SJZY,设计总院
603358.XSHG,HDKJ,华达科技
603359.XSHG,DZJG,东珠生态
603360.XSHG,BAHX,百傲化学
603363.XSHG,ANSW,傲农生物
603365.XSHG,SXJF,水星家纺
603366.XSHG,RCDF,日出东方
603367.XSHG,CXYY,辰欣药业
603368.XSHG,LZYY,柳药股份
603369.XSHG,JSY,今世缘
603377.XSHG,DFSS,东方时尚
603378.XSHG,YSCN,亚士创能
603380.XSHG,YDL,易德龙
603383.XSHG,DDRJ,顶点软件
603385.XSHG,HDWY,惠达卫浴
603386.XSHG,GDJY,广东骏亚
603387.XSHG,JDSW,基蛋生物
603388.XSHG,YCGF,元成股份
603389.XSHG,YZJJ,亚振家居
603393.XSHG,XTRQ,新天然气
603396.XSHG,JCGF,金辰股份
603398.XSHG,BBYZ,邦宝益智
603399.XSHG,XHL,吉翔股份
603416.XSHG,XJDQ,信捷电气
603421.XSHG,DXTX,鼎信通讯
603429.XSHG,JYGF,集友股份
603444.XSHG,JBT,吉比特
603456.XSHG,JZYY,九洲药业
603458.XSHG,KSGF,勘设股份
603466.XSHG,FYZ,风语筑
603477.XSHG,ZJGF,振静股份
603486.XSHG,KWS,科沃斯
603488.XSHG,ZPKJ,展鹏科技
603496.XSHG,HWKJ,恒为科技
603499.XSHG,XGKJ,翔港科技
603500.XSHG,XHSY,祥和实业
603501.XSHG,WEGF,韦尔股份
603505.XSHG,JSZY,金石资源
603506.XSHG,NDWY,南都物业
603507.XSHG,ZJGF,振江股份
603508.XSHG,SWLK,思维列控
603515.XSHG,OPZM,欧普照明
603516.XSHG,CZKJ,淳中科技
603517.XSHG,JWSP,绝味食品
603518.XSHG,WGNS,维格娜丝
603519.XSHG,LBGF,立霸股份
603520.XSHG,STL,司太立
603527.XSHG,ZYXC,众源新材
603528.XSHG,DLKJ,多伦科技
603533.XSHG,ZYKJ,掌阅科技
603535.XSHG,JCGJ,嘉诚国际
603536.XSHG,HFGF,惠发股份
603538.XSHG,MNH,美诺华
603555.XSHG,GRN,贵人鸟
603556.XSHG,HXDL,海兴电力
603557.XSHG,QBGF,起步股份
603558.XSHG,JSJT,健盛集团
603559.XSHG,ZTGM,中通国脉
603566.XSHG,PLK,普莱柯
603567.XSHG,ZBD,珍宝岛
603568.XSHG,WMHB,伟明环保
603569.XSHG,ZJWL,长久物流
603577.XSHG,HJT,汇金通
603578.XSHG,SXXC,三星新材
603579.XSHG,RTJK,荣泰健康
603580.XSHG,AAJG,艾艾精工
603583.XSHG,JCQD,捷昌驱动
603585.XSHG,SLGF,苏利股份
603586.XSHG,JQL,金麒麟
603587.XSHG,DSSS,地素时尚
603588.XSHG,GNHJ,高能环境
603589.XSHG,KZJ,口子窖
603590.XSHG,KCYY,康辰药业
603595.XSHG,DNDZ,东尼电子
603596.XSHG,BTL,伯特利
603598.XSHG,YLCM,引力传媒
603599.XSHG,GXGF,广信股份
603600.XSHG,YYGF,永艺股份
603601.XSHG,ZSKJ,再升科技
603602.XSHG,ZHTX,纵横通信
603603.XSHG,BTHJ,博天环境
603605.XSHG,PLY,珀莱雅
603606.XSHG,DFDL,东方电缆
603607.XSHG,JHJG,京华激光
603608.XSHG,TCSS,天创时尚
603609.XSHG,HFMY,禾丰牧业
603611.XSHG,NLGF,诺力股份
603612.XSHG,STFZ,索通发展
603615.XSHG,CHGF,茶花股份
603616.XSHG,HJHS,韩建河山
603617.XSHG,JHGF,君禾股份
603618.XSHG,HDGF,杭电股份
603619.XSHG,ZMSY,中曼石油
603626.XSHG,KSKJ,科森科技
603628.XSHG,QYGF,清源股份
603629.XSHG,LTDZ,利通电子
603630.XSHG,LFJH,拉芳家化
603633.XSHG,LMGF,徕木股份
603636.XSHG,NWRJ,南威软件
603637.XSHG,ZHGF,镇海股份
603638.XSHG,ADJM,艾迪精密
603639.XSHG,HLE,海利尔
603648.XSHG,CLGF,畅联股份
603650.XSHG,TCXC,彤程新材
603655.XSHG,LBKJ,朗博科技
603656.XSHG,THGD,泰禾光电
603657.XSHG,CGKJ,春光科技
603658.XSHG,ATSW,安图生物
603659.XSHG,PTL,璞泰来
603660.XSHG,SZKD,苏州科达
603661.XSHG,HLGF,恒林股份
603663.XSHG,SXXC,三祥新材
603665.XSHG,KLD,康隆达
603666.XSHG,YJH,亿嘉和
603667.XSHG,WZXC,五洲新春
603668.XSHG,TMKJ,天马科技
603669.XSHG,LKYY,灵康药业
603676.XSHG,WXK,卫信康
603677.XSHG,QJJX,奇精机械
603678.XSHG,HJDZ,火炬电子
603679.XSHG,HTKJ,华体科技
603680.XSHG,JCJT,今创集团
603683.XSHG,JHXC,晶华新材
603685.XSHG,CFKJ,晨丰科技
603686.XSHG,LMHW,龙马环卫
603688.XSHG,SYGF,石英股份
603689.XSHG,WTRQ,皖天然气
603690.XSHG,ZCKJ,至纯科技
603693.XSHG,JSXN,江苏新能
603696.XSHG,AJSP,安记食品
603698.XSHG,HTGC,航天工程
603699.XSHG,NWGF,纽威股份
603701.XSHG,NDH,德宏股份
603703.XSHG,SYKJ,盛洋科技
603706.XSHG,DFHY,东方环宇
603707.XSHG,JYGF,健友股份
603708.XSHG,JJY,家家悦
603709.XSHG,ZYJJ,中源家居
603711.XSHG,XPP,香飘飘
603712.XSHG,QYE,七一二
603713.XSHG,MEKW,密尔克卫
603716.XSHG,SLS,塞力斯
603717.XSHG,TYST,天域生态
603718.XSHG,HLSW,海利生物
603721.XSHG,ZGTZ,中广天择
603722.XSHG,AKL,阿科力
603725.XSHG,TAXC,天安新材
603726.XSHG,LDJT,朗迪集团
603727.XSHG,BMK,博迈科
603728.XSHG,MZDQ,鸣志电器
603729.XSHG,LYGF,龙韵股份
603730.XSHG,DMGF,岱美股份
603733.XSHG,XHGF,仙鹤股份
603737.XSHG,SKS,三棵树
603738.XSHG,TJKJ,泰晶科技
603757.XSHG,DYBY,大元泵业
603758.XSHG,QAGF,秦安股份
603766.XSHG,LXTY,隆鑫通用
603767.XSHG,ZMCD,中马传动
603768.XSHG,CQGF,常青股份
603773.XSHG,WGGD,沃格光电
603776.XSHG,YAX,永安行
603777.XSHG,LYF,来伊份
603778.XSHG,QJYL,乾景园林
603779.XSHG,WLGF,威龙股份
603787.XSHG,XRGF,新日股份
603788.XSHG,NBGF,宁波高发
603789.XSHG,XGNJ,星光农机
603790.XSHG,YYGF,雅运股份
603797.XSHG,LTHB,联泰环保
603798.XSHG,KPD,康普顿
603799.XSHG,HYGY,华友钴业
603800.XSHG,DSGF,道森股份
603801.XSHG,ZBGF,志邦家居
603803.XSHG,RSKD,瑞斯康达
603806.XSHG,FST,福斯特
603808.XSHG,GLS,歌力思
603809.XSHG,HNGF,豪能股份
603810.XSHG,FSJT,丰山集团
603811.XSHG,CYYY,诚意药业
603813.XSHG,YSGF,原尚股份
603816.XSHG,GJJJ,顾家家居
603817.XSHG,HXHB,海峡环保
603818.XSHG,QMJJ,曲美家居
603819.XSHG,SLGF,神力股份
603822.XSHG,JAHB,嘉澳环保
603823.XSHG,BHH,百合花
603825.XSHG,HYLZ,华扬联众
603826.XSHG,KCKJ,坤彩科技
603828.XSHG,KLD,柯利达
603829.XSHG,LKGF,洛凯股份
603833.XSHG,OPJJ,欧派家居
603838.XSHG,STGF,四通股份
603839.XSHG,AZSS,安正时尚
603843.XSHG,ZPGF,正平股份
603848.XSHG,HTT,好太太
603855.XSHG,HRGF,华荣股份
603856.XSHG,DHGF,东宏股份
603858.XSHG,BZZY,步长制药
603859.XSHG,NKGF,能科股份
603860.XSHG,ZGGK,中公高科
603861.XSHG,BYDQ,白云电器
603866.XSHG,TLMB,桃李面包
603868.XSHG,FKDQ,飞科电器
603869.XSHG,BBWL,新智认知
603871.XSHG,JYGJ,嘉友国际
603876.XSHG,DSXC,鼎胜新材
603877.XSHG,TPN,太平鸟
603878.XSHG,WJBX,武进不锈
603879.XSHG,YYKJ,永悦科技
603880.XSHG,NWGF,南卫股份
603881.XSHG,SJG,数据港
603882.XSHG,JYYX,金域医学
603883.XSHG,LBX,老百姓
603885.XSHG,JXHK,吉祥航空
603886.XSHG,YZGF,元祖股份
603887.XSHG,CDGF,城地股份
603888.XSHG,XHW,新华网
603889.XSHG,XAGF,新澳股份
603890.XSHG,CQDZ,春秋电子
603895.XSHG,TYZN,天永智能
603896.XSHG,SXG,寿仙谷
603897.XSHG,CCKJ,长城科技
603898.XSHG,HLK,好莱客
603899.XSHG,CGWJ,晨光文具
603900.XSHG,TLZB,莱绅通灵
603901.XSHG,YCZN,永创智能
603903.XSHG,ZCGF,中持股份
603906.XSHG,LPKJ,龙蟠科技
603908.XSHG,MGD,牧高笛
603909.XSHG,HCGF,合诚股份
603912.XSHG,JLT,佳力图
603916.XSHG,SBT,苏博特
603917.XSHG,HLKJ,合力科技
603918.XSHG,JQXX,金桥信息
603919.XSHG,JHJ,金徽酒
603920.XSHG,SYDL,世运电路
603922.XSHG,JHS,金鸿顺
603926.XSHG,TLGF,铁流股份
603928.XSHG,XYGF,兴业股份
603929.XSHG,YXJC,亚翔集成
603933.XSHG,RNKJ,睿能科技
603936.XSHG,BMDZ,博敏电子
603937.XSHG,LDXC,丽岛新材
603938.XSHG,SFGF,三孚股份
603939.XSHG,YFYF,益丰药房
603955.XSHG,DQST,大千生态
603958.XSHG,HSGF,哈森股份
603959.XSHG,BLKJ,百利科技
603960.XSHG,KLJD,克来机电
603963.XSHG,DLYY,大理药业
603966.XSHG,FLTK,法兰泰克
603968.XSHG,CHGF,醋化股份
603969.XSHG,YLGF,银龙股份
603970.XSHG,ZNLH,中农立华
603976.XSHG,ZCGF,正川股份
603977.XSHG,GTJT,国泰集团
603978.XSHG,SZXX,深圳新星
603979.XSHG,JCX,金诚信
603980.XSHG,JHJT,吉华集团
603985.XSHG,HRGF,恒润股份
603986.XSHG,ZYCX,兆易创新
603987.XSHG,KDL,康德莱
603988.XSHG,ZDDJ,中电电机
603989.XSHG,AHJT,艾华集团
603990.XSHG,MDKJ,麦迪科技
603991.XSHG,ZZGF,至正股份
603993.XSHG,LYMY,洛阳钼业
603996.XSHG,ZXKJ,中新科技
603997.XSHG,JFGF,继峰股份
603998.XSHG,FSZY,方盛制药
603999.XSHG,DZCM,读者传媒
